1,0.95388,0.95388,0.95388,0.95388
2,0.42462,0.64879,0.82214,0.34132
3,0.24949,0.46575,0.71361,0.1289
4,0.17329,0.35067,0.62373,0.082957
5,0.13371,0.27536,0.54882,0.072805
6,0.11047,0.22426,0.48608,0.067691
7,0.095582,0.18832,0.43332,0.064104
8,0.085444,0.16231,0.38861,0.061348
9,0.078207,0.14289,0.35051,0.059126
10,0.072741,0.12803,0.31804,0.057297
11,0.06847,0.11639,0.29027,0.055716
12,0.065029,0.10709,0.2663,0.054347
13,0.062237,0.099555,0.2455,0.053131
14,0.059862,0.09335,0.22739,0.052027
15,0.057817,0.088213,0.21152,0.051035
16,0.055993,0.083873,0.1977,0.05012
17,0.054382,0.080173,0.18549,0.04928
18,0.052917,0.076977,0.17467,0.048492
19,0.05158,0.074188,0.16505,0.047767
20,0.05035,0.071735,0.15648,0.047073
21,0.049193,0.069568,0.14878,0.046423
22,0.048103,0.06762,0.14188,0.045803
23,0.047084,0.06586,0.13564,0.045216
24,0.046082,0.0643,0.13,0.044647
25,0.045135,0.062877,0.12488,0.044112
26,0.044254,0.061568,0.12021,0.04359
27,0.043354,0.06036,0.11595,0.043094
28,0.042528,0.059251,0.11204,0.042614
29,0.0417,0.058217,0.10846,0.04215
30,0.040908,0.057245,0.10517,0.041694
31,0.040139,0.05633,0.10213,0.041256
32,0.039389,0.055459,0.099317,0.04083
33,0.038669,0.054643,0.096709,0.040415
34,0.037959,0.053864,0.094294,0.040011
35,0.037248,0.053126,0.092066,0.039636
36,0.036524,0.052428,0.089991,0.039262
37,0.035863,0.051757,0.088054,0.038891
38,0.035187,0.051108,0.08624,0.038537
39,0.034497,0.050484,0.084537,0.03819
40,0.033835,0.049885,0.082936,0.037845
41,0.033212,0.049308,0.081433,0.037519
42,0.03257,0.048741,0.080022,0.037174
43,0.031965,0.048196,0.078688,0.036863
44,0.031371,0.047664,0.077433,0.036534
45,0.030782,0.047145,0.076245,0.036227
46,0.030187,0.046633,0.075117,0.035918
47,0.029613,0.046147,0.074044,0.035613
48,0.029036,0.045656,0.073025,0.035312
49,0.028487,0.045184,0.072058,0.035018
50,0.027951,0.044717,0.071136,0.034735
51,0.027365,0.044272,0.07026,0.034448
52,0.026847,0.043821,0.069421,0.034163
53,0.026285,0.043384,0.068619,0.033895
54,0.025751,0.042962,0.067846,0.033619
55,0.025222,0.04253,0.067106,0.033361
56,0.024664,0.042112,0.066395,0.033096
57,0.02421,0.041702,0.065714,0.032848
58,0.023677,0.04129,0.065062,0.032595
59,0.023171,0.040898,0.064449,0.03235
60,0.022675,0.040507,0.063856,0.032109
61,0.022196,0.040111,0.063285,0.031871
62,0.021724,0.039741,0.062731,0.031641
63,0.021254,0.039364,0.062194,0.031415
64,0.0208,0.039,0.061676,0.031182
65,0.020338,0.038626,0.061169,0.030958
66,0.019906,0.038277,0.060683,0.030738
67,0.019441,0.037911,0.060219,0.030528
68,0.019014,0.037557,0.059764,0.030306
69,0.018553,0.037204,0.059323,0.030097
70,0.018155,0.036855,0.058895,0.029882
71,0.017708,0.036501,0.058479,0.029676
72,0.017313,0.036158,0.058071,0.029472
73,0.016882,0.0358,0.057678,0.029262
74,0.016514,0.035476,0.057292,0.029067
75,0.01608,0.035118,0.056913,0.028862
76,0.01569,0.034792,0.056546,0.028672
77,0.015325,0.034449,0.056184,0.028473
78,0.014954,0.034122,0.055831,0.028281
79,0.014604,0.03379,0.055486,0.028095
80,0.01423,0.033465,0.055147,0.027902
81,0.013876,0.033144,0.054817,0.027722
82,0.013539,0.032834,0.054496,0.027532
83,0.013185,0.032516,0.05418,0.027351
84,0.012848,0.032214,0.053871,0.027171
85,0.012525,0.031903,0.053568,0.02699
86,0.012164,0.03161,0.053272,0.026813
87,0.011856,0.0313,0.052981,0.026639
88,0.011505,0.031009,0.052696,0.026459
89,0.011192,0.030708,0.052415,0.026291
90,0.010874,0.030423,0.05214,0.026113
91,0.010557,0.030123,0.05187,0.025945
92,0.010241,0.029831,0.051607,0.025774
93,0.0099212,0.029544,0.051344,0.025608
94,0.009641,0.029255,0.051085,0.025445
95,0.0093206,0.028971,0.050832,0.025272
96,0.0090424,0.028684,0.05058,0.025117
97,0.0087637,0.028406,0.050336,0.024943
98,0.0084667,0.028132,0.050093,0.024787
99,0.0081821,0.02785,0.049852,0.024629
100,0.0078759,0.027573,0.049617,0.024469
101,0.0076553,0.027305,0.049383,0.02432
102,0.0073789,0.027021,0.049153,0.024168
103,0.0071091,0.026757,0.048926,0.024012
104,0.0068535,0.026474,0.048699,0.023861
105,0.0066095,0.026212,0.048479,0.023716
106,0.006385,0.025941,0.048259,0.023566
107,0.0061337,0.025656,0.048042,0.02342
108,0.0059149,0.025404,0.047827,0.023271
109,0.0056901,0.025137,0.047616,0.023131
110,0.0054726,0.024866,0.047407,0.022979
111,0.005273,0.024609,0.047197,0.02284
112,0.0050406,0.024348,0.046991,0.0227
113,0.0048456,0.024096,0.046787,0.022565
114,0.0046608,0.023843,0.046585,0.022416
115,0.0044446,0.023587,0.046382,0.022283
116,0.004282,0.023343,0.046185,0.022146
117,0.0041158,0.023085,0.045985,0.022013
118,0.003932,0.022837,0.045791,0.021878
119,0.0037526,0.022587,0.045597,0.021754
120,0.0036271,0.022347,0.045408,0.021612
121,0.0034971,0.022101,0.045214,0.021489
122,0.0033143,0.021851,0.045027,0.021361
123,0.0031988,0.021633,0.04484,0.021228
124,0.0030491,0.021379,0.044656,0.021113
125,0.0029487,0.021155,0.044471,0.020984
126,0.0027923,0.020929,0.044293,0.020862
127,0.0027065,0.020706,0.044112,0.020736
128,0.0025948,0.020457,0.043933,0.020619
129,0.002483,0.020244,0.043755,0.020493
130,0.0023477,0.020021,0.043579,0.020379
131,0.002284,0.019784,0.043404,0.020257
132,0.0021604,0.019574,0.043231,0.020135
133,0.0020785,0.01933,0.043057,0.02002
134,0.0020203,0.019131,0.042885,0.019901
135,0.0018995,0.018896,0.042716,0.019785
136,0.0018475,0.01869,0.042544,0.019665
137,0.0017654,0.018461,0.042374,0.019557
138,0.0017045,0.018244,0.042208,0.019435
139,0.001601,0.018039,0.042041,0.019324
140,0.0015825,0.017814,0.041871,0.019212
141,0.001491,0.017606,0.041708,0.019098
142,0.0014152,0.017409,0.041542,0.018992
143,0.0013686,0.017185,0.041381,0.018876
144,0.0013412,0.016999,0.041218,0.018771
145,0.0012856,0.016777,0.041056,0.01866
146,0.0012262,0.016588,0.040895,0.018548
147,0.0011675,0.016376,0.040737,0.018441
148,0.00117,0.016177,0.040579,0.018337
149,0.0010828,0.015983,0.040423,0.01823
150,0.0010684,0.01579,0.040266,0.018125
151,0.0010185,0.015584,0.040111,0.018017
152,0.00099903,0.015387,0.03996,0.017911
153,0.00096841,0.015219,0.039806,0.017809
154,0.00092261,0.015009,0.039656,0.017711
155,0.00089788,0.014844,0.039504,0.0176
156,0.00088591,0.014664,0.039357,0.017505
157,0.0008328,0.014471,0.039206,0.017403
158,0.00082073,0.014292,0.039057,0.01731
159,0.00080731,0.014118,0.038913,0.017203
160,0.00078981,0.013941,0.038763,0.017106
161,0.00077652,0.01377,0.038619,0.017013
162,0.00072892,0.01359,0.038469,0.016912
163,0.00070998,0.013423,0.038329,0.016816
164,0.00073748,0.013241,0.038186,0.016718
165,0.00068855,0.013076,0.038038,0.016625
166,0.00065337,0.012914,0.037897,0.016531
167,0.00067616,0.012733,0.037753,0.016435
168,0.00063963,0.012564,0.037612,0.016339
169,0.00061833,0.012404,0.037468,0.016244
170,0.00062406,0.012235,0.037327,0.016157
171,0.00061631,0.012065,0.037184,0.016059
172,0.00061878,0.011913,0.037044,0.015977
173,0.00057092,0.011739,0.036906,0.015881
174,0.0005636,0.011569,0.036763,0.01579
175,0.00056317,0.011419,0.036623,0.015702
176,0.00056036,0.011247,0.036482,0.015613
177,0.00052965,0.011086,0.036344,0.015523
178,0.00054915,0.010924,0.036204,0.015437
179,0.00050468,0.010763,0.036066,0.015348
180,0.00055461,0.010607,0.035925,0.015266
181,0.00048763,0.01044,0.035789,0.015177
182,0.00050544,0.010281,0.035652,0.015095
183,0.00047205,0.01012,0.035513,0.015014
184,0.00048377,0.0099833,0.035376,0.01493
185,0.00050101,0.0098209,0.03524,0.014847
186,0.00046332,0.0096712,0.035102,0.014767
187,0.0004823,0.0095286,0.034968,0.014686
188,0.00046822,0.0093576,0.034833,0.014611
189,0.00046815,0.0092295,0.034694,0.014522
190,0.00042765,0.0090712,0.034565,0.01445
191,0.0004639,0.0089235,0.034427,0.014366
192,0.00044557,0.0087822,0.034294,0.014291
193,0.00045592,0.0086294,0.03416,0.014211
194,0.00040793,0.0084948,0.034029,0.014136
195,0.00048577,0.0083414,0.033893,0.014059
196,0.00042986,0.0081998,0.033764,0.013985
197,0.00046255,0.0080664,0.033632,0.013906
198,0.00041867,0.007924,0.033501,0.013832
199,0.00043722,0.007793,0.033374,0.013759
200,0.00044875,0.0076341,0.033243,0.013682
201,0.00043522,0.007524,0.033118,0.013611
202,0.0004336,0.007377,0.03299,0.013538
203,0.0003992,0.0072449,0.032866,0.013463
204,0.00046195,0.007127,0.032735,0.013387
205,0.00043352,0.0069924,0.032615,0.013314
206,0.00042025,0.0068602,0.032487,0.013243
207,0.00043095,0.006742,0.032367,0.013172
208,0.000403,0.0066185,0.032241,0.013101
209,0.00044679,0.0064962,0.03212,0.013031
210,0.00041482,0.0063734,0.032,0.01296
211,0.00041317,0.0062472,0.031876,0.012888
212,0.00041972,0.0061399,0.031756,0.012816
213,0.00040376,0.0060157,0.031635,0.012753
214,0.00044598,0.0058955,0.031513,0.01268
215,0.00039975,0.0057906,0.031394,0.012613
216,0.0004135,0.0056721,0.031276,0.012538
217,0.00042124,0.0055578,0.031155,0.012475
218,0.00039837,0.0054546,0.031035,0.012404
219,0.00045259,0.0053489,0.030917,0.012342
220,0.00039435,0.0052427,0.030801,0.01227
221,0.00041888,0.0051268,0.030678,0.012203
222,0.00044222,0.0050303,0.030564,0.012137
223,0.00041142,0.0049201,0.030444,0.012072
224,0.00039259,0.0048267,0.030326,0.012001
225,0.00042162,0.0047179,0.030206,0.011937
226,0.00042829,0.0046207,0.030095,0.01187
227,0.00041668,0.0045206,0.029976,0.011807
228,0.00042485,0.0044285,0.029857,0.01174
229,0.00039265,0.0043342,0.029743,0.011674
230,0.00044295,0.0042291,0.029625,0.01161
231,0.00041226,0.004151,0.029513,0.011546
232,0.00040536,0.0040458,0.029394,0.011483
233,0.00041332,0.003962,0.029276,0.011415
234,0.0004103,0.0038785,0.029166,0.011351
235,0.00039237,0.0037948,0.029049,0.011292
236,0.00041214,0.0037134,0.028935,0.01122
237,0.000426,0.003628,0.028822,0.011163
238,0.0003975,0.0035462,0.028708,0.011097
239,0.00043722,0.0034681,0.028596,0.011034
240,0.00038429,0.0033941,0.028482,0.010974
241,0.00043693,0.0033211,0.02837,0.010907
242,0.00038324,0.0032547,0.028262,0.010846
243,0.00044491,0.0031821,0.028149,0.010786
244,0.00039198,0.0031066,0.028035,0.010722
245,0.0004117,0.0030444,0.027924,0.010659
246,0.00038996,0.0029653,0.027818,0.010602
247,0.00040966,0.002902,0.027705,0.010538
248,0.00042586,0.0028384,0.027593,0.010472
249,0.00038893,0.002787,0.027486,0.010416
250,0.00041587,0.002713,0.027372,0.01035
251,0.0004089,0.0026496,0.027263,0.010298
252,0.00040203,0.002591,0.027152,0.010229
253,0.00041091,0.0025379,0.027046,0.01017
254,0.00041489,0.0024743,0.026934,0.010115
255,0.00043381,0.002425,0.026826,0.010053
256,0.00041796,0.0023636,0.026713,0.0099939
257,0.00038657,0.0023095,0.026608,0.0099337
258,0.00047425,0.0022451,0.026497,0.009876
259,0.00040772,0.0022035,0.026386,0.0098247
260,0.00042172,0.0021507,0.026278,0.0097606
261,0.00041964,0.0020983,0.026175,0.009704
262,0.00041266,0.0020485,0.026061,0.0096479
263,0.00040718,0.0019934,0.02595,0.0095925
264,0.00041861,0.0019617,0.025846,0.0095351
265,0.00039173,0.0019008,0.025735,0.0094817
266,0.00046246,0.0018715,0.02563,0.0094218
267,0.00038254,0.0018248,0.025521,0.0093683
268,0.00042398,0.0017726,0.025416,0.0093108
269,0.00041106,0.0017375,0.025305,0.0092597
270,0.00040635,0.0017041,0.025205,0.0092004
271,0.000443,0.0016632,0.025094,0.0091493
272,0.0004152,0.00162,0.024988,0.0090971
273,0.00041843,0.0015811,0.024881,0.0090387
274,0.00041641,0.0015488,0.024778,0.0089867
275,0.00041477,0.0015149,0.024672,0.0089341
276,0.0004032,0.001482,0.024569,0.0088803
277,0.00042236,0.0014495,0.024462,0.008827
278,0.00043564,0.0014136,0.024362,0.0087754
279,0.00036963,0.0013739,0.024258,0.008725
280,0.00044261,0.0013546,0.024154,0.0086685
281,0.00040391,0.0013074,0.024053,0.0086184
282,0.00044206,0.001295,0.023951,0.0085657
283,0.00040024,0.0012611,0.023851,0.0085162
284,0.0003945,0.0012365,0.023746,0.0084629
285,0.00041561,0.0011988,0.02365,0.0084153
286,0.00041174,0.0011715,0.023544,0.0083609
287,0.00043,0.0011581,0.023447,0.0083068
288,0.00039654,0.0011194,0.023344,0.0082621
289,0.0004086,0.0010962,0.023245,0.0082094
290,0.00040808,0.0010768,0.023144,0.008156
291,0.00041866,0.0010519,0.023044,0.0081075
292,0.00040641,0.0010234,0.022942,0.008057
293,0.0004152,0.0010053,0.022845,0.00801
294,0.00041961,0.00098532,0.022741,0.0079569
295,0.00041948,0.00094663,0.022645,0.0079097
296,0.00041988,0.00094456,0.022544,0.0078592
297,0.0004073,0.00091079,0.022445,0.0078118
298,0.00041857,0.00090104,0.022345,0.00776
299,0.000402,0.00087767,0.022249,0.0077182
300,0.00040352,0.00086204,0.022152,0.0076654
301,0.00040832,0.00084033,0.022049,0.0076197
302,0.00041504,0.00081057,0.021954,0.0075707
303,0.00039882,0.00081553,0.021858,0.0075239
304,0.00040132,0.00079809,0.021766,0.0074788
305,0.00040815,0.00077189,0.021667,0.0074309
306,0.0004201,0.000743,0.021573,0.0073859
307,0.00038599,0.000752,0.021477,0.0073371
308,0.00042957,0.00072669,0.021384,0.0072932
309,0.00040505,0.00070987,0.021292,0.0072481
310,0.00041621,0.00069005,0.021198,0.0072044
311,0.00044543,0.0006855,0.021104,0.0071551
312,0.00040096,0.00067145,0.021009,0.0071146
313,0.00043097,0.00065699,0.020925,0.0070694
314,0.00041122,0.00062933,0.020829,0.007026
315,0.00044831,0.00063496,0.020734,0.0069813
316,0.00039524,0.00062261,0.020646,0.0069367
317,0.00041324,0.00060781,0.020554,0.0068983
318,0.00039112,0.0005884,0.020458,0.0068548
319,0.00041179,0.00059286,0.020375,0.006809
320,0.00042394,0.00057889,0.020279,0.0067684
321,0.00041294,0.00056395,0.020189,0.0067262
322,0.00039472,0.00055469,0.020099,0.0066865
323,0.00042744,0.0005411,0.020008,0.0066399
324,0.00043804,0.00054703,0.019919,0.0066014
325,0.00041836,0.00053233,0.019824,0.0065587
326,0.00043232,0.00051788,0.01974,0.0065167
327,0.00041248,0.00051902,0.019647,0.0064767
328,0.00040071,0.00048885,0.019557,0.006435
329,0.00041188,0.00049903,0.019466,0.006396
330,0.00042897,0.00048662,0.019379,0.0063558
331,0.00039873,0.0004777,0.019291,0.0063137
332,0.00044565,0.00046329,0.019201,0.0062751
333,0.00042157,0.00046919,0.019113,0.0062401
334,0.00040689,0.00044524,0.019025,0.006195
335,0.00044893,0.00043785,0.018935,0.0061597
336,0.00040254,0.00043336,0.018849,0.0061192
337,0.00043811,0.00044138,0.018761,0.0060815
338,0.00040542,0.00041836,0.018672,0.0060407
339,0.00041372,0.00042102,0.018586,0.0060039
340,0.00039606,0.00040614,0.018498,0.0059673
341,0.00041077,0.00040678,0.018409,0.0059245
342,0.00038578,0.00039579,0.018327,0.0058932
343,0.00041732,0.0003864,0.018237,0.0058529
344,0.00041355,0.00038518,0.018151,0.0058098
345,0.0004316,0.00037405,0.018064,0.0057768
346,0.00039685,0.00038835,0.017978,0.0057379
347,0.00040231,0.00035451,0.017894,0.0057039
348,0.00043982,0.00037091,0.01781,0.0056662
349,0.0004228,0.00034926,0.017722,0.0056293
350,0.00042279,0.00034713,0.017635,0.0055927
351,0.00040468,0.0003487,0.017555,0.0055585
352,0.00039649,0.00035346,0.017467,0.0055226
353,0.00044099,0.00033177,0.017387,0.0054879
354,0.00040424,0.00033518,0.017299,0.0054519
355,0.00039252,0.00032099,0.017219,0.0054167
356,0.00044763,0.00032735,0.017137,0.0053816
357,0.00043656,0.00030551,0.017054,0.0053474
358,0.00042066,0.00031804,0.016972,0.0053156
359,0.00040217,0.00030433,0.016892,0.0052785
360,0.00042651,0.00030238,0.016808,0.0052453
361,0.00043026,0.00030289,0.016726,0.0052132
362,0.00040401,0.00029582,0.016645,0.0051766
363,0.00041216,0.00027704,0.016566,0.0051448
364,0.00041054,0.00029784,0.016481,0.0051128
365,0.00043163,0.00028228,0.016404,0.00508
366,0.00035387,0.00028463,0.016322,0.0050463
367,0.00044778,0.00027121,0.016241,0.0050139
368,0.00041968,0.00027089,0.016164,0.0049794
369,0.00043552,0.00027371,0.016081,0.0049492
370,0.00038667,0.00027061,0.016003,0.0049169
371,0.00044133,0.00025616,0.015924,0.0048805
372,0.00043001,0.00026415,0.015848,0.0048504
373,0.00040638,0.00024984,0.015763,0.0048245
374,0.00038959,0.000258,0.015684,0.004787
375,0.00042913,0.00026143,0.015611,0.0047569
376,0.00039464,0.00024565,0.01553,0.0047251
377,0.0004087,0.00024018,0.015452,0.0046962
378,0.00044491,0.00023692,0.015371,0.0046621
379,0.00041182,0.00025668,0.015299,0.0046335
380,0.00043538,0.00023908,0.01522,0.0046021
381,0.00040255,0.00023216,0.015146,0.0045706
382,0.00039487,0.00023481,0.015075,0.0045409
383,0.00045795,0.000235,0.014998,0.0045102
384,0.0003838,0.00023665,0.014922,0.0044795
385,0.00039646,0.00023425,0.01485,0.0044499
386,0.00041123,0.00022256,0.014775,0.0044173
387,0.00042572,0.00021731,0.014702,0.0043938
388,0.00041573,0.00023906,0.01463,0.0043583
389,0.00045235,0.00022782,0.014559,0.004331
390,0.00037457,0.00021684,0.014486,0.0043023
391,0.00040848,0.00022821,0.014415,0.0042705
392,0.00043029,0.00021268,0.014342,0.0042415
393,0.00040111,0.00023466,0.014271,0.0042151
394,0.00043027,0.00020472,0.014198,0.0041842
395,0.00039259,0.00022489,0.01413,0.0041578
396,0.0004065,0.0002095,0.014056,0.0041289
397,0.00039384,0.00021987,0.013988,0.0041012
398,0.00042453,0.00021378,0.013914,0.0040704
399,0.00038996,0.00021208,0.013847,0.0040444
400,0.00045754,0.00021823,0.013774,0.0040164
401,0.00038863,0.00021398,0.013706,0.0039921
402,0.00042973,0.00019748,0.013635,0.0039591
403,0.00039233,0.00022443,0.013567,0.0039359
404,0.00043377,0.00020256,0.013498,0.0039072
405,0.00036375,0.0002065,0.013424,0.0038792
406,0.00044358,0.00021417,0.013359,0.0038544
407,0.00041182,0.00020747,0.01329,0.0038287
408,0.00039155,0.00020614,0.013219,0.0038038
409,0.00042914,0.00020872,0.013148,0.0037747
410,0.00041883,0.00019816,0.013085,0.003753
411,0.00041386,0.00020964,0.013015,0.0037245
412,0.00040778,0.00020629,0.012944,0.0037019
413,0.00042687,0.00019991,0.012878,0.0036775
414,0.00041492,0.00020511,0.012813,0.0036528
415,0.00041729,0.00020437,0.012742,0.0036262
416,0.00039459,0.00019804,0.01268,0.003609
417,0.00041433,0.00021942,0.012608,0.0035758
418,0.00040221,0.00019529,0.01254,0.0035578
419,0.00043212,0.00020852,0.012475,0.0035334
420,0.00040827,0.00019362,0.012409,0.0035068
421,0.0004155,0.00020795,0.012341,0.0034869
422,0.00042089,0.00018669,0.012273,0.0034628
423,0.00040219,0.000209,0.012212,0.0034401
424,0.00044425,0.00019758,0.012141,0.003416
425,0.00039247,0.00019476,0.012078,0.0033925
426,0.00041977,0.00020749,0.01201,0.0033694
427,0.00039144,0.00019649,0.011946,0.0033479
428,0.00044838,0.0001944,0.011878,0.0033272
429,0.00043819,0.00019208,0.011815,0.0033054
430,0.0003912,0.00021369,0.011743,0.003284
431,0.00040782,0.0001777,0.011683,0.0032599
432,0.00040081,0.00020988,0.011614,0.003243
433,0.00042795,0.00020185,0.011551,0.0032207
434,0.00040923,0.00018704,0.011486,0.0031979
435,0.00040058,0.00019957,0.01142,0.0031789
436,0.00041983,0.00019905,0.011354,0.003159
437,0.00042298,0.00020281,0.011289,0.0031357
438,0.00039158,0.00019701,0.011225,0.0031155
439,0.00042343,0.00019216,0.01116,0.0030955
440,0.00038051,0.00019334,0.011093,0.0030797
441,0.00041463,0.00019436,0.01103,0.0030575
442,0.00043132,0.00020325,0.010963,0.003036
443,0.00041841,0.00019837,0.0109,0.0030167
444,0.0003802,0.00019671,0.010841,0.002995
445,0.00043154,0.00018455,0.010768,0.0029785
446,0.00043225,0.00020198,0.010708,0.0029555
447,0.00042846,0.00020358,0.010641,0.0029387
448,0.00042081,0.00019583,0.01058,0.0029198
449,0.00042201,0.00018066,0.010513,0.0029005
450,0.00040557,0.00019226,0.010449,0.0028791
451,0.00043657,0.00020114,0.010386,0.0028604
452,0.00039977,0.00019357,0.010322,0.0028439
453,0.00043858,0.00018903,0.010258,0.0028244
454,0.00038953,0.00019901,0.010199,0.0028041
455,0.00040656,0.00018454,0.010129,0.0027869
456,0.00043274,0.00019867,0.01007,0.0027694
457,0.00040926,0.00019836,0.01001,0.0027493
458,0.00043387,0.00018626,0.0099466,0.002732
459,0.00039279,0.0001901,0.0098864,0.002711
460,0.00040206,0.00019349,0.0098196,0.0026963
461,0.00038467,0.0001993,0.0097639,0.0026772
462,0.00044585,0.00019198,0.0096981,0.0026613
463,0.00037386,0.00019197,0.009645,0.0026402
464,0.00045092,0.00018829,0.0095782,0.0026235
465,0.00041899,0.00020524,0.0095188,0.0026067
466,0.00042528,0.00018687,0.0094583,0.0025896
467,0.00040129,0.00017934,0.0093991,0.0025717
468,0.00043444,0.00020642,0.0093347,0.0025573
469,0.00040495,0.00018092,0.0092826,0.0025395
470,0.00042381,0.00019534,0.0092203,0.0025206
471,0.00038107,0.00018786,0.009157,0.0025062
472,0.0004015,0.00021312,0.0090968,0.0024886
473,0.00042183,0.00017868,0.0090442,0.002473
474,0.00040665,0.0001975,0.0089819,0.0024532
475,0.00041994,0.00019074,0.0089209,0.0024399
476,0.00039898,0.00018655,0.0088626,0.0024237
477,0.00041985,0.00019721,0.0088085,0.0024071
478,0.00041454,0.0001936,0.008749,0.0023899
479,0.00040988,0.00019602,0.008688,0.0023742
480,0.00041543,0.00018932,0.0086288,0.0023581
481,0.00040885,0.00018751,0.0085695,0.0023435
482,0.00040636,0.00019634,0.0085173,0.002326
483,0.00042468,0.00019813,0.0084564,0.0023127
484,0.00043551,0.00019097,0.0083978,0.0022957
485,0.00038612,0.00019012,0.008341,0.0022791
486,0.00040816,0.00018904,0.0082835,0.0022662
487,0.00044588,0.00019889,0.0082265,0.0022507
488,0.0004142,0.00018532,0.008172,0.0022355
489,0.00043126,0.00018123,0.00811,0.0022167
490,0.00040715,0.00019775,0.0080602,0.0022068
491,0.000456,0.00018738,0.0080023,0.0021892
492,0.00036012,0.00019763,0.0079423,0.002177
493,0.0004255,0.00018788,0.0078876,0.0021613
494,0.00041291,0.00019775,0.0078361,0.0021434
495,0.00042612,0.00018397,0.0077749,0.0021334
496,0.00041096,0.00020318,0.0077245,0.0021184
497,0.00039422,0.00017883,0.0076685,0.0021019
498,0.00041239,0.00019305,0.0076113,0.0020885
499,0.00041756,0.00018895,0.0075576,0.0020745
500,0.00040715,0.00018428,0.0075087,0.0020585
501,0.00042628,0.00020193,0.007454,0.0020472
502,0.00039073,0.00018034,0.0073938,0.0020319
503,0.00044087,0.00019314,0.0073473,0.0020189
504,0.00037496,0.00019657,0.0072895,0.0020047
505,0.00041938,0.0001809,0.0072409,0.0019887
506,0.00044385,0.00019231,0.0071842,0.001979
507,0.00039167,0.00018436,0.0071316,0.001963
508,0.00040454,0.00019769,0.0070849,0.0019521
509,0.00039988,0.00018586,0.0070352,0.0019356
510,0.00039463,0.00019339,0.0069732,0.0019256
511,0.00039807,0.00017455,0.0069312,0.00191
512,0.00040155,0.00021341,0.0068792,0.0018995
513,0.00041935,0.00017598,0.0068268,0.0018854
514,0.00039654,0.00018784,0.0067793,0.001873
515,0.00043692,0.00019407,0.0067278,0.0018597
516,0.000372,0.00019415,0.0066795,0.0018494
517,0.00042512,0.00018521,0.0066267,0.0018371
518,0.0004209,0.00018858,0.0065771,0.0018248
519,0.00042611,0.00019423,0.0065332,0.0018114
520,0.00038196,0.00018223,0.0064799,0.0018006
521,0.00042348,0.00019131,0.0064334,0.001791
522,0.00040875,0.00018975,0.006381,0.0017762
523,0.00041522,0.00019199,0.0063364,0.0017697
524,0.00039459,0.00019662,0.0062868,0.0017511
525,0.00043921,0.00017818,0.0062361,0.0017457
526,0.00040478,0.00019263,0.0061941,0.0017323
527,0.00040688,0.00019871,0.0061385,0.0017211
528,0.00041535,0.00018948,0.0060983,0.0017076
529,0.00040139,0.00018596,0.0060503,0.0016986
530,0.00043431,0.00018917,0.006001,0.0016889
531,0.0004037,0.00019316,0.0059546,0.0016759
532,0.00042257,0.00019852,0.0059115,0.001666
533,0.00040558,0.00017765,0.00586,0.0016566
534,0.00041409,0.0001923,0.0058138,0.0016433
535,0.00040022,0.00019874,0.0057747,0.0016314
536,0.00041141,0.00018047,0.0057217,0.0016223
537,0.00038895,0.00019418,0.0056817,0.0016115
538,0.00043636,0.0001851,0.0056327,0.0016023
539,0.00038671,0.0001951,0.005594,0.0015884
540,0.00041993,0.00019222,0.0055445,0.0015815
541,0.00042351,0.00019243,0.0055028,0.0015659
542,0.000383,0.00017446,0.0054587,0.0015598
543,0.00043978,0.00019867,0.0054123,0.0015497
544,0.00040044,0.00019229,0.0053689,0.0015405
545,0.00042431,0.00018091,0.0053266,0.0015293
546,0.00038365,0.00019436,0.0052828,0.0015191
547,0.00043223,0.00018857,0.0052419,0.0015139
548,0.00038983,0.00018799,0.0051968,0.001501
549,0.00042705,0.00019088,0.0051521,0.0014908
550,0.00039727,0.00019738,0.0051103,0.0014824
551,0.00043621,0.00018659,0.0050703,0.0014726
552,0.0004245,0.00019363,0.0050294,0.0014629
553,0.00039278,0.00019274,0.0049867,0.0014544
554,0.00041438,0.00019149,0.0049404,0.0014464
555,0.00045792,0.0001836,0.0049041,0.0014358
556,0.00040881,0.00019598,0.004858,0.0014277
557,0.00044604,0.00019029,0.0048201,0.0014171
558,0.00037109,0.00018658,0.0047796,0.0014096
559,0.00043483,0.00019709,0.0047377,0.0014011
560,0.0004253,0.00018512,0.0046967,0.0013901
561,0.00040608,0.00020093,0.004658,0.0013812
562,0.00040338,0.00019031,0.0046168,0.0013746
563,0.0004237,0.00017944,0.0045776,0.0013627
564,0.00042167,0.00018878,0.0045361,0.0013582
565,0.00044492,0.00019352,0.0044967,0.001348
566,0.00040357,0.00018908,0.004459,0.0013375
567,0.00043001,0.00018825,0.0044169,0.0013322
568,0.00040868,0.000191,0.0043798,0.00132
569,0.00043918,0.00019261,0.0043443,0.0013141
570,0.00041112,0.00018303,0.004302,0.001304
571,0.00039515,0.00019765,0.0042628,0.001298
572,0.00042176,0.00019422,0.0042273,0.0012891
573,0.00044579,0.00018287,0.0041923,0.0012791
574,0.0004058,0.00018971,0.0041503,0.0012722
575,0.00038673,0.00020388,0.0041175,0.0012629
576,0.00039963,0.00017949,0.0040742,0.0012552
577,0.00039441,0.00019563,0.0040375,0.0012492
578,0.00041769,0.00018381,0.0040059,0.001238
579,0.0003972,0.00019615,0.0039653,0.0012325
580,0.00043423,0.00017996,0.0039306,0.0012222
581,0.00038631,0.00019391,0.0038933,0.0012179
582,0.00044214,0.00017779,0.0038594,0.001206
583,0.00042443,0.00019696,0.0038251,0.0012048
584,0.00041303,0.00019484,0.0037887,0.0011918
585,0.00043335,0.00018538,0.00376,0.0011883
586,0.00040063,0.00019485,0.0037203,0.0011796
587,0.00042165,0.00018211,0.0036911,0.0011724
588,0.0004249,0.00019985,0.0036539,0.0011654
589,0.0003803,0.00017073,0.0036213,0.0011576
590,0.00045086,0.00020162,0.0035909,0.0011516
591,0.00038287,0.00018808,0.0035574,0.0011429
592,0.00043074,0.00019591,0.0035278,0.0011384
593,0.00043309,0.00018814,0.0034914,0.0011269
594,0.00041138,0.00017583,0.0034617,0.0011237
595,0.00041696,0.00021312,0.0034282,0.0011166
596,0.00040408,0.00017568,0.003398,0.0011107
597,0.00040676,0.00018513,0.0033675,0.0011017
598,0.00044945,0.00019185,0.0033346,0.0010925
599,0.00037435,0.0001942,0.0033037,0.0010931
600,0.0004236,0.00017877,0.0032752,0.0010808
601,0.00042096,0.00020102,0.0032464,0.0010763
602,0.00039633,0.00019326,0.0032155,0.0010673
603,0.00042097,0.0001903,0.0031903,0.0010618
604,0.00042574,0.00018243,0.0031585,0.0010566
605,0.00044575,0.00019192,0.0031314,0.0010482
606,0.00038808,0.00018763,0.0031022,0.0010421
607,0.00042567,0.00019034,0.0030751,0.0010379
608,0.00044079,0.00019335,0.0030476,0.001028
609,0.00041511,0.00019141,0.0030141,0.0010217
610,0.0004162,0.0001874,0.002995,0.0010158
611,0.00039387,0.00018626,0.0029592,0.0010092
612,0.00044547,0.00019941,0.0029317,0.001004
613,0.00037322,0.00018126,0.0029101,0.0009973
614,0.00044082,0.000199,0.0028802,0.00099145
615,0.00042327,0.00017789,0.002853,0.00098728
616,0.00040393,0.00019005,0.0028255,0.00097908
617,0.00040638,0.0001953,0.0028021,0.00097041
618,0.00039174,0.00019411,0.0027687,0.00096894
619,0.00041331,0.00019792,0.0027521,0.00095867
620,0.00041273,0.00017523,0.0027179,0.0009555
621,0.00040441,0.00019626,0.0026942,0.00094793
622,0.00038953,0.00019505,0.0026728,0.0009411
623,0.00044951,0.00018492,0.0026439,0.00093818
624,0.00041108,0.0001979,0.0026215,0.00092896
625,0.00041341,0.00017334,0.002595,0.00092714
626,0.00045691,0.00019584,0.0025708,0.00091383
627,0.00038463,0.00019164,0.0025463,0.00091595
628,0.00043931,0.00019194,0.0025247,0.0009067
629,0.00039329,0.00018718,0.0024992,0.00090022
630,0.00041352,0.00018704,0.0024757,0.00089485
631,0.00038107,0.00019743,0.0024483,0.00088958
632,0.00045039,0.00018894,0.0024299,0.00088432
633,0.00041185,0.00019076,0.0024046,0.00087736
634,0.00040152,0.00018423,0.002385,0.0008726
635,0.00041634,0.00018503,0.0023575,0.00086901
636,0.00040019,0.00019785,0.0023387,0.00086169
637,0.00040984,0.00019269,0.0023084,0.00085784
638,0.0004175,0.00018403,0.0022942,0.0008514
639,0.00041772,0.00019871,0.0022667,0.0008468
640,0.00039621,0.00018394,0.0022456,0.00083981
641,0.00040534,0.00018637,0.0022229,0.00083889
642,0.00045553,0.00020149,0.0021993,0.00082776
643,0.00039656,0.00017264,0.0021828,0.00082925
644,0.00044368,0.00020742,0.0021559,0.00082007
645,0.00039077,0.00017602,0.0021375,0.00081687
646,0.00041207,0.00020179,0.0021144,0.00080996
647,0.00045485,0.00017558,0.0020954,0.00080389
648,0.00041877,0.0002013,0.0020688,0.00080191
649,0.00040584,0.00017809,0.0020542,0.00079871
650,0.00041651,0.00019485,0.0020273,0.00078984
651,0.00040529,0.00018892,0.00201,0.00078876
652,0.00041016,0.00019428,0.001989,0.00078103
653,0.00044155,0.00019483,0.0019656,0.00077688
654,0.0003926,0.00018288,0.0019538,0.00077232
655,0.00042823,0.00019916,0.0019287,0.00076647
656,0.00041498,0.00017969,0.0019115,0.0007643
657,0.00042316,0.00019464,0.0018888,0.00075686
658,0.00042734,0.00019278,0.0018766,0.00075411
659,0.00041359,0.00019522,0.0018514,0.00074863
660,0.0004048,0.00017886,0.0018388,0.00074384
661,0.00043022,0.00019859,0.001819,0.00073809
662,0.0003789,0.00018787,0.0017995,0.00073608
663,0.00045454,0.00018594,0.0017859,0.00072976
664,0.00040637,0.00018788,0.0017639,0.00072709
665,0.00042343,0.00019866,0.0017528,0.00072104
666,0.00043793,0.00018326,0.0017315,0.00071805
667,0.00042784,0.00019831,0.0017115,0.00071249
668,0.0003798,0.00018517,0.0016981,0.00070923
669,0.00042973,0.00018648,0.0016814,0.00070572
670,0.00041906,0.00019348,0.0016656,0.00070116
671,0.00041714,0.00019174,0.0016452,0.00069724
672,0.00042286,0.00018844,0.0016277,0.00068979
673,0.0004114,0.00018663,0.0016206,0.00068895
674,0.00039936,0.00019414,0.0015945,0.00068557
675,0.00041835,0.0001951,0.0015839,0.0006774
676,0.00036962,0.00017366,0.0015642,0.00067902
677,0.00044396,0.00019767,0.0015477,0.00067
678,0.00039058,0.00019685,0.0015387,0.0006679
679,0.00041925,0.00019004,0.0015172,0.00066537
680,0.0004245,0.00018558,0.0015117,0.00066048
681,0.00041246,0.00019835,0.0014874,0.00065665
682,0.00039813,0.00018058,0.0014781,0.00064935
683,0.0003736,0.00019412,0.0014596,0.00065148
684,0.00046185,0.00018307,0.0014448,0.0006433
685,0.0003915,0.00019673,0.0014345,0.0006402
686,0.00041912,0.00017858,0.001419,0.00063825
687,0.00041734,0.00019601,0.0014071,0.00063101
688,0.00042681,0.00019074,0.001389,0.00062977
689,0.00043555,0.00019095,0.001378,0.00062446
690,0.00043387,0.00018319,0.001366,0.00062279
691,0.00042383,0.00019313,0.0013491,0.00061949
692,0.00042358,0.00018431,0.0013384,0.00061212
693,0.00042305,0.00018838,0.0013208,0.0006117
694,0.00040223,0.00018468,0.0013074,0.00060726
695,0.00042773,0.00020063,0.0012986,0.00060207
696,0.00040677,0.00019334,0.0012822,0.00060156
697,0.00043675,0.00018152,0.0012719,0.00059586
698,0.0004193,0.00019637,0.0012548,0.00059363
699,0.00040102,0.00018438,0.0012485,0.00058994
700,0.00042815,0.00019005,0.0012306,0.00058719
701,0.00042173,0.00018735,0.0012205,0.00058221
702,0.00042511,0.00019996,0.0012091,0.00058023
703,0.00037568,0.00017879,0.0011978,0.00057652
704,0.00040263,0.00018672,0.0011828,0.00057204
705,0.00041508,0.00020667,0.0011754,0.00056963
706,0.00041925,0.00017925,0.0011626,0.00056565
707,0.00040278,0.00019994,0.0011486,0.00056443
708,0.00046077,0.00018692,0.0011405,0.00055923
709,0.00040528,0.00018176,0.0011305,0.00055751
710,0.00041741,0.00021235,0.0011201,0.0005527
711,0.0004243,0.00016483,0.0011043,0.00055164
712,0.00041391,0.00019815,0.0010963,0.00054315
713,0.00039257,0.00019917,0.0010815,0.0005465
714,0.00041801,0.00017614,0.0010728,0.00053933
715,0.00042731,0.00020433,0.001064,0.00053999
716,0.00040198,0.0001863,0.0010545,0.00053309
717,0.00040654,0.00019129,0.0010392,0.00053231
718,0.00042006,0.00017507,0.0010319,0.00052688
719,0.0003542,0.00020445,0.0010168,0.00052607
720,0.00046742,0.00018046,0.001012,0.00052434
721,0.00041805,0.00020062,0.0010035,0.00051845
722,0.0004322,0.00017772,0.00098603,0.00051566
723,0.00039216,0.00020349,0.00098302,0.00051222
724,0.00042243,0.00018663,0.00096643,0.00050818
725,0.00042861,0.00019231,0.00096015,0.00051085
726,0.00039998,0.00019285,0.00094929,0.00050348
727,0.00041706,0.00018645,0.00094253,0.00050222
728,0.00042058,0.00018532,0.00093148,0.00049888
729,0.00041376,0.00020053,0.00091746,0.00049398
730,0.00040705,0.00017534,0.00091662,0.00049494
731,0.00042999,0.00020142,0.00089852,0.00048743
732,0.00040574,0.00017865,0.00089366,0.00048893
733,0.00041863,0.00020743,0.00088434,0.00048643
734,0.00041445,0.00018587,0.00087767,0.00048103
735,0.00043893,0.00018976,0.00086426,0.0004789
736,0.00041005,0.00018283,0.00086165,0.00047695
737,0.00039909,0.00018968,0.00084896,0.00047235
738,0.00042576,0.00019629,0.00084077,0.00047464
739,0.00040298,0.00018748,0.00083524,0.0004688
740,0.00043645,0.00019151,0.00082221,0.0004664
741,0.00040224,0.00018279,0.00081837,0.00046503
742,0.00044561,0.000185,0.0008087,0.00046005
743,0.00040629,0.00020443,0.00079964,0.0004596
744,0.00041609,0.00018803,0.00079104,0.00045859
745,0.00042638,0.00019203,0.00078479,0.00045395
746,0.0004365,0.00019354,0.00077458,0.00045281
747,0.00042405,0.0001922,0.00077083,0.00044703
748,0.00040315,0.00018229,0.00076107,0.00044934
749,0.00044999,0.00020074,0.00075164,0.00044544
750,0.00040796,0.00017898,0.00074843,0.00044217
751,0.00041769,0.00020233,0.00073751,0.00044049
752,0.00041412,0.00018578,0.00073393,0.00044009
753,0.00040547,0.00018827,0.00072547,0.00043315
754,0.00041968,0.00019708,0.00071382,0.00043638
755,0.0003989,0.00019257,0.00071415,0.00043121
756,0.00040379,0.0001876,0.00070259,0.00042975
757,0.00045149,0.00019729,0.00069562,0.00042534
758,0.00039228,0.0001836,0.00068958,0.00042376
759,0.00039818,0.00018671,0.00068216,0.00042525
760,0.00040792,0.00019159,0.00067748,0.00041989
761,0.00041752,0.00018155,0.00066951,0.00041899
762,0.00041223,0.00020068,0.00066569,0.00041559
763,0.00041118,0.00018587,0.00065602,0.00041265
764,0.00041702,0.00018794,0.0006457,0.00041241
765,0.0004218,0.00018547,0.00064638,0.00040914
766,0.00042107,0.00018928,0.00063076,0.00040725
767,0.00041168,0.00020311,0.00063558,0.00040762
768,0.00040376,0.00018276,0.00062419,0.00040376
769,0.00042075,0.00018179,0.00062018,0.00039889
770,0.00039857,0.00020075,0.00061096,0.00039987
771,0.00044247,0.0001886,0.0006075,0.00039736
772,0.00039159,0.00018582,0.00060251,0.00039582
773,0.00042338,0.00018819,0.00059438,0.00039288
774,0.000418,0.00018765,0.00058201,0.00038974
775,0.00039073,0.00020455,0.00058965,0.00038931
776,0.00042994,0.00017511,0.00057835,0.00038787
777,0.00042623,0.00019931,0.00057351,0.00038205
778,0.00039874,0.00018777,0.00056532,0.00038489
779,0.00044202,0.00017928,0.00056062,0.00037979
780,0.00040103,0.00020659,0.00055794,0.00037975
781,0.00040816,0.0001746,0.0005505,0.00037809
782,0.00040683,0.00020671,0.00054524,0.00037306
783,0.00038854,0.00018981,0.00053824,0.00037471
784,0.00044402,0.00017967,0.00053439,0.00037171
785,0.00044098,0.00019657,0.00053227,0.00036801
786,0.00038005,0.0001886,0.00052078,0.00036634
787,0.00042222,0.00018546,0.00052093,0.00036782
788,0.00041592,0.00019733,0.00051397,0.00036189
789,0.00038173,0.00018809,0.00050873,0.00036183
790,0.00041613,0.00018201,0.00050563,0.00035854
791,0.00042082,0.00019815,0.00050201,0.00035924
792,0.00042245,0.00019303,0.00049418,0.00035572
793,0.00043558,0.00018522,0.00049371,0.00035375
794,0.00041728,0.0001885,0.00048608,0.00035326
795,0.00040695,0.00018901,0.00048373,0.00034939
796,0.00044791,0.00018399,0.00048066,0.00034877
797,0.00039074,0.00019761,0.00047562,0.00034839
798,0.00041957,0.00018747,0.00046783,0.00034368
799,0.00041386,0.00019607,0.00046799,0.0003418
800,0.00039519,0.00018749,0.00046378,0.00034251
801,0.00041042,0.00018566,0.00045553,0.00034033
802,0.00040679,0.00019793,0.00045673,0.00033716
803,0.00038943,0.00018245,0.00044478,0.00033528
804,0.00041425,0.00018733,0.00045417,0.00033511
805,0.00039136,0.00020754,0.00044033,0.00033109
806,0.0004534,0.00017582,0.00043794,0.00033173
807,0.00040932,0.00018961,0.00043484,0.00032988
808,0.00042144,0.00018654,0.00043209,0.00032602
809,0.00041166,0.00019685,0.00042614,0.00032618
810,0.00042724,0.00018749,0.00042586,0.00032139
811,0.00040713,0.00019073,0.00041723,0.00032471
812,0.00041865,0.00019398,0.00041632,0.00031776
813,0.00040472,0.00017881,0.00041001,0.00031981
814,0.00041249,0.00019542,0.00041194,0.00031657
815,0.00043803,0.00019039,0.00040589,0.00031548
816,0.00040424,0.0001935,0.00039993,0.00031312
817,0.00040938,0.00018185,0.0003968,0.00031244
818,0.00042173,0.00019655,0.00039432,0.00030903
819,0.00043903,0.00019274,0.00039096,0.0003102
820,0.00040755,0.00018611,0.0003911,0.00030601
821,0.00044718,0.00019172,0.00038155,0.00030403
822,0.00037451,0.00019737,0.00038265,0.00030269
823,0.00041552,0.00018247,0.00037666,0.00030356
824,0.00040548,0.00019256,0.00037224,0.00030031
825,0.00040345,0.00018454,0.00037047,0.00029806
826,0.0004373,0.00019636,0.00036767,0.00029673
827,0.00041413,0.00019136,0.00036287,0.00029706
828,0.00042764,0.00018498,0.00036185,0.00029187
829,0.00038738,0.00020945,0.00035758,0.0002924
830,0.00040494,0.00018269,0.00035341,0.00028954
831,0.00045762,0.00018506,0.00035438,0.00028943
832,0.00037937,0.00018593,0.0003446,0.00028804
833,0.0004278,0.00020338,0.0003446,0.00028461
834,0.00038784,0.00017761,0.00034041,0.00028504
835,0.00040468,0.00020705,0.0003409,0.0002825
836,0.00038554,0.00018081,0.00033045,0.00028114
837,0.00044683,0.00018752,0.00033463,0.00027801
838,0.00036897,0.00018789,0.00033056,0.00028088
839,0.0004514,0.00019549,0.00032209,0.00027366
840,0.0003824,0.00019094,0.00032591,0.00027628
841,0.00046884,0.00019706,0.00032288,0.00027384
842,0.00039528,0.00017377,0.00031263,0.00027136
843,0.0004219,0.0001874,0.00031495,0.00027124
844,0.00040232,0.0001886,0.00030792,0.00026971
845,0.00039711,0.0001949,0.00031231,0.00026607
846,0.00042957,0.00019711,0.00030284,0.00026664
847,0.00037223,0.00018233,0.00030277,0.00026548
848,0.00041649,0.00019483,0.00029694,0.00026332
849,0.00045291,0.00019143,0.00030138,0.00026156
850,0.00035858,0.00018256,0.00029105,0.00026024
851,0.00046301,0.00019484,0.00029186,0.00026007
852,0.00039094,0.00019373,0.00029236,0.00025691
853,0.00042919,0.00018059,0.00028637,0.00025725
854,0.0003893,0.0002079,0.0002833,0.00025305
855,0.00042423,0.00017786,0.00027838,0.00025364
856,0.00038718,0.00019554,0.00028252,0.0002536
857,0.00043353,0.00019055,0.00027316,0.00024846
858,0.00039529,0.00018365,0.00027621,0.00025125
859,0.00041823,0.00018728,0.00026653,0.00024583
860,0.00037726,0.00019063,0.00027254,0.0002483
861,0.0004231,0.00018605,0.00026445,0.00024548
862,0.0003867,0.0002017,0.00026247,0.00024419
863,0.00043427,0.00018852,0.00026185,0.00024278
864,0.00040135,0.00018151,0.00026328,0.00024172
865,0.000434,0.00019184,0.00025098,0.00023846
866,0.00040366,0.00019561,0.0002591,0.00024024
867,0.00040614,0.00018799,0.00025172,0.00023689
868,0.00040265,0.00019345,0.00024726,0.00023503
869,0.00042221,0.00018811,0.00024674,0.00023679
870,0.00043201,0.00018408,0.00025007,0.00023121
871,0.00037308,0.00019111,0.00023962,0.00023402
872,0.00044094,0.0001942,0.00024628,0.00022987
873,0.00042909,0.00018587,0.00023861,0.00023184
874,0.00042427,0.00019472,0.00023747,0.00022771
875,0.00043831,0.00018073,0.00023172,0.00022779
876,0.00042435,0.00019606,0.00023057,0.00022491
877,0.00039901,0.00018875,0.0002357,0.00022463
878,0.00042568,0.00019089,0.00022659,0.00022496
879,0.00046414,0.00019207,0.00022368,0.0002223
880,0.00037016,0.00018389,0.00022883,0.00022059
881,0.00045129,0.00019139,0.00022361,0.00022053
882,0.00036495,0.00018519,0.00021464,0.00021835
883,0.0004249,0.00018684,0.0002232,0.00021903
884,0.00039627,0.00018845,0.00021835,0.00021599
885,0.00044425,0.00018373,0.00021322,0.00021629
886,0.00039581,0.00020082,0.00021291,0.00021402
887,0.00039315,0.0001953,0.0002067,0.0002138
888,0.00044902,0.00018785,0.00021213,0.00021217
889,0.00039022,0.00018327,0.00020492,0.00021005
890,0.00039356,0.00018476,0.00020511,0.00021092
891,0.00041236,0.0002023,0.00020408,0.00020943
892,0.00043728,0.00018636,0.00020097,0.00020636
893,0.00038955,0.000202,0.00019506,0.00020707
894,0.00043418,0.00017449,0.00020219,0.00020404
895,0.00039285,0.00019877,0.0001942,0.00020473
896,0.00042533,0.00018206,0.0001986,0.00020448
897,0.00042822,0.00020498,0.00018716,0.00020066
898,0.00040586,0.000181,0.00019325,0.00020157
899,0.00038021,0.00019929,0.00018839,0.00020133
900,0.00044971,0.00017438,0.00018547,0.00019836
901,0.00040348,0.00019823,0.0001872,0.00019691
902,0.00044311,0.00018754,0.00018345,0.0001966
903,0.00037584,0.0001935,0.0001815,0.0001966
904,0.00045978,0.00019204,0.00018012,0.00019499
905,0.00040341,0.00019735,0.00017997,0.00019505
906,0.00041823,0.00019509,0.00017998,0.00018964
907,0.00038553,0.00018357,0.00017325,0.00019405
908,0.00040417,0.0002005,0.00017301,0.00018905
909,0.00043861,0.00018026,0.00017442,0.00019173
910,0.00041233,0.00019768,0.00017206,0.0001863
911,0.00040857,0.0001828,0.00016837,0.00018977
912,0.00039644,0.0001959,0.00016702,0.00018333
913,0.00045154,0.00019877,0.00017061,0.00018743
914,0.000396,0.00017477,0.00015937,0.0001836
915,0.00042635,0.00019674,0.00016828,0.00018267
916,0.00041755,0.00018546,0.00016163,0.00018236
917,0.00040043,0.00020121,0.00016118,0.00018432
918,0.00040003,0.00017814,0.0001573,0.00017922
919,0.00042518,0.00020111,0.00015959,0.00018044
920,0.00043523,0.00018079,0.00015604,0.00017699
921,0.00040518,0.00018853,0.00015526,0.00017779
922,0.00041815,0.00019294,0.00015148,0.00017639
923,0.00039487,0.00018985,0.00015462,0.00017707
924,0.00044287,0.00019057,0.00014937,0.00017202
925,0.0003876,0.0001902,0.00015176,0.00017456
926,0.00044254,0.00020083,0.00014706,0.0001722
927,0.00040045,0.00018573,0.00014652,0.00017053
928,0.00040022,0.00018904,0.00015083,0.00017004
929,0.00042204,0.00019387,0.00014449,0.00017104
930,0.00036707,0.00019407,0.00014268,0.00016926
931,0.00043621,0.00018932,0.00013979,0.00016739
932,0.00040494,0.0001922,0.00014394,0.00016802
933,0.00041268,0.00018128,0.00013915,0.00016456
934,0.00040013,0.00020104,0.00013886,0.00016452
935,0.00040331,0.00019235,0.00013999,0.00016435
936,0.00040486,0.00019063,0.00013808,0.00016524
937,0.00041961,0.00017939,0.00013665,0.00015999
938,0.00039316,0.00020377,0.00013698,0.00016173
939,0.00043111,0.00018068,0.00012993,0.00016053
940,0.00038845,0.00018802,0.00013727,0.00015978
941,0.00040021,0.00019621,0.00012697,0.00015963
942,0.00038415,0.00019672,0.00013725,0.00015474
943,0.00044041,0.00018173,0.00012654,0.00015855
944,0.00041837,0.00018721,0.00012946,0.0001543
945,0.00039553,0.00019607,0.00012779,0.00015621
946,0.00041468,0.00019023,0.00013024,0.00015389
947,0.00039964,0.00018241,0.00012426,0.00015369
948,0.00039355,0.00018817,0.00012874,0.00015145
949,0.00041302,0.00019958,0.00012288,0.00015314
950,0.00039858,0.00019066,0.00012611,0.00015044
951,0.00040097,0.00019101,0.00011838,0.00015002
952,0.00041547,0.0001894,0.00012548,0.00014762
953,0.00042336,0.00019091,0.00012049,0.00014999
954,0.00041946,0.00019695,0.00012271,0.00014834
955,0.00041448,0.0001703,0.00011768,0.00014363
956,0.00040247,0.00020111,0.00012266,0.0001479
957,0.00040109,0.00018769,0.00011226,0.0001456
958,0.00040225,0.00018582,0.00012189,0.00014355
959,0.00042931,0.00019469,0.00011864,0.00014402
960,0.00040415,0.00019966,0.0001111,0.0001426
961,0.00042281,0.00018328,0.00012004,0.00014157
962,0.00042583,0.00018721,0.00011466,0.00014162
963,0.00040144,0.00019716,0.00011236,0.00013899
964,0.00039272,0.00019155,0.00011402,0.00014026
965,0.00042569,0.00018282,0.00011416,0.00013783
966,0.00040638,0.00018583,0.00010734,0.00013956
967,0.00042699,0.00020124,0.00011187,0.00013585
968,0.00042376,0.00018774,0.000113,0.0001381
969,0.00036194,0.00018304,0.00011025,0.00013308
970,0.0004283,0.00019234,0.00010923,0.00013556
971,0.00042863,0.00019687,0.00011103,0.0001353
972,0.00037449,0.000181,0.0001043,0.00013187
973,0.00044646,0.00019466,0.00011141,0.00013495
974,0.0004054,0.00019714,0.00010469,0.00013033
975,0.0004052,0.00018594,0.00011028,0.00013197
976,0.00039828,0.00019198,0.00010324,0.00012898
977,0.00043009,0.00018855,0.00010747,0.00013022
978,0.0004414,0.00019191,0.00010265,0.00012894
979,0.00038076,0.00017998,0.00010834,0.00012879
980,0.00041675,0.00018656,0.00010181,0.00012613
981,0.00040519,0.0002039,0.00010572,0.00012762
982,0.00042541,0.0001769,9.8733e-05,0.00012494
983,0.00039579,0.00019927,0.0001045,0.00012595
984,0.00041851,0.00019405,0.00010684,0.00012438
985,0.0004223,0.00018472,9.6452e-05,0.00012465
986,0.00044163,0.00018969,9.9627e-05,0.00012247
987,0.00042889,0.00019125,0.00010277,0.00012209
988,0.00041475,0.00019713,0.00010185,0.00012208
989,0.00042261,0.00017825,9.9243e-05,0.00012062
990,0.00041264,0.00019366,0.0001047,0.00012042
991,0.00041432,0.00018785,9.1909e-05,0.00011778
992,0.00041918,0.00019541,0.00010033,0.00011963
993,0.00040284,0.00018857,9.8157e-05,0.00012022
994,0.00040293,0.00018294,0.00010236,0.00011708
995,0.0004168,0.00019868,9.6256e-05,0.00011589
996,0.00041262,0.00017318,9.416e-05,0.00011586
997,0.00041195,0.00020914,0.00010002,0.00011674
998,0.0004248,0.00017176,9.2993e-05,0.00011555
999,0.00043138,0.00019849,9.7405e-05,0.00011261
1000,0.00042749,0.00018801,9.4744e-05,0.0001143
1001,0.00039227,0.00020014,9.7046e-05,0.00011204
1002,0.00038928,0.00017722,9.3946e-05,0.00011274
1003,0.00041752,0.00019008,9.8695e-05,0.00011359
1004,0.00040771,0.00019576,8.9409e-05,0.00010958
1005,0.00041438,0.0001807,9.7393e-05,0.00011262
1006,0.00041734,0.00019882,9.0537e-05,0.00010882
1007,0.00037641,0.00017556,9.9468e-05,0.00011046
1008,0.0004475,0.00020557,8.9571e-05,0.00010791
1009,0.00040549,0.00018214,9.2852e-05,0.00011072
1010,0.00044864,0.00019201,9.3326e-05,0.00010541
1011,0.00040655,0.00018896,9.0594e-05,0.00010814
1012,0.0004125,0.00019584,9.3984e-05,0.00010695
1013,0.00041951,0.00018546,9.4838e-05,0.00010643
1014,0.00039651,0.00018965,8.7829e-05,0.00010454
1015,0.00041126,0.00019747,8.9914e-05,0.00010607
1016,0.00041347,0.00018376,9.3013e-05,0.00010519
1017,0.00042601,0.00019747,9.0783e-05,0.00010331
1018,0.00040852,0.00018545,9.6e-05,0.0001041
1019,0.00037222,0.00019619,8.6705e-05,0.00010081
1020,0.00044859,0.00018436,8.7785e-05,0.00010321
1021,0.00041573,0.00019068,9.0082e-05,0.00010273
1022,0.00041026,0.00019778,9.2493e-05,0.00010046
1023,0.00043714,0.0001754,8.7383e-05,0.00010147
1024,0.00040491,0.00019483,8.9288e-05,9.9806e-05
1025,0.0004312,0.00019246,8.5366e-05,0.00010031
1026,0.00040867,0.00018446,9.3922e-05,9.9198e-05
1027,0.00042735,0.00019935,8.1918e-05,9.7346e-05
1028,0.0004077,0.00017899,9.0218e-05,0.00010215
1029,0.0004017,0.00020596,8.8392e-05,9.6437e-05
1030,0.00039753,0.00017869,9.0656e-05,9.6452e-05
1031,0.00043161,0.00020542,8.3502e-05,9.6198e-05
1032,0.00040368,0.00018422,8.8573e-05,9.6344e-05
1033,0.00043807,0.00019498,8.6749e-05,9.7878e-05
1034,0.00039158,0.00018075,9.0201e-05,9.4477e-05
1035,0.00039325,0.00019031,8.3029e-05,9.3922e-05
1036,0.00040352,0.00019569,8.899e-05,9.7087e-05
1037,0.00040635,0.00019201,8.601e-05,9.0109e-05
1038,0.00037909,0.00017794,8.4819e-05,9.7185e-05
1039,0.00042937,0.00019592,8.5054e-05,9.2311e-05
1040,0.0004235,0.00018598,8.7467e-05,9.0737e-05
1041,0.00041461,0.00018529,8.0949e-05,9.3279e-05
1042,0.00045641,0.00019567,9.1732e-05,9.0214e-05
1043,0.00042023,0.0001851,7.9176e-05,9.2644e-05
1044,0.00039508,0.00019263,8.754e-05,9.0746e-05
1045,0.00042628,0.00018562,8.3075e-05,9.0398e-05
1046,0.00041524,0.00019615,8.7699e-05,8.9756e-05
1047,0.00038598,0.00018425,8.2536e-05,8.9796e-05
1048,0.0004153,0.00017667,8.4529e-05,8.7483e-05
1049,0.00041799,0.000208,8.5023e-05,8.7985e-05
1050,0.00038283,0.00018469,8.2513e-05,8.7274e-05
1051,0.000422,0.00019764,8.5515e-05,9.064e-05
1052,0.00043255,0.00019009,8.136e-05,8.5111e-05
1053,0.00037719,0.00018239,8.2988e-05,8.5891e-05
1054,0.00041684,0.00018975,8.1829e-05,8.8688e-05
1055,0.00041865,0.00019752,8.7462e-05,8.493e-05
1056,0.00041898,0.00019207,8.2243e-05,8.606e-05
1057,0.00039495,0.00017574,8.1402e-05,8.4302e-05
1058,0.000418,0.00019954,8.2123e-05,8.4665e-05
1059,0.00045074,0.0001888,8.3284e-05,8.3387e-05
1060,0.00040066,0.00017845,8.1512e-05,8.4864e-05
1061,0.00043584,0.000188,7.9898e-05,8.2874e-05
1062,0.00042477,0.00020232,8.8227e-05,8.3507e-05
1063,0.00044175,0.00019137,8.0993e-05,8.2879e-05
1064,0.000406,0.00018608,7.9006e-05,8.1854e-05
1065,0.00040551,0.00019047,8.3374e-05,8.1134e-05
1066,0.00042595,0.00018772,7.7385e-05,8.2388e-05
1067,0.00040467,0.00018755,8.7572e-05,8.2961e-05
1068,0.00041252,0.00018938,7.9516e-05,7.7576e-05
1069,0.00041586,0.00019151,8.3627e-05,8.1359e-05
1070,0.0004043,0.00018792,8.1748e-05,7.9987e-05
1071,0.00041008,0.00019179,7.6177e-05,8.0206e-05
1072,0.00040282,0.00019599,8.489e-05,7.8243e-05
1073,0.00043805,0.00018571,8.2227e-05,7.95e-05
1074,0.00041509,0.00020255,7.6128e-05,7.6978e-05
1075,0.00040523,0.00017663,8.0278e-05,7.9444e-05
1076,0.00040395,0.00021076,8.1507e-05,7.765e-05
1077,0.00044675,0.00017223,8.3636e-05,7.7123e-05
1078,0.00040353,0.00019814,7.1741e-05,7.6055e-05
1079,0.0004141,0.00018339,8.9257e-05,7.741e-05
1080,0.00041381,0.0001933,7.6866e-05,7.699e-05
1081,0.00042161,0.00017961,7.7993e-05,7.632e-05
1082,0.00041924,0.00020168,8.3793e-05,7.5847e-05
1083,0.00040202,0.00019148,7.8227e-05,7.4624e-05
1084,0.00042053,0.00017955,7.9133e-05,7.5307e-05
1085,0.00042146,0.00019593,7.7949e-05,7.493e-05
1086,0.00041455,0.00018276,7.8745e-05,7.1747e-05
1087,0.00043921,0.00019008,8.0763e-05,7.6287e-05
1088,0.00042077,0.00019368,7.9755e-05,7.2199e-05
1089,0.00039243,0.00018423,7.9575e-05,7.5619e-05
1090,0.00042337,0.00019128,7.48e-05,7.1321e-05
1091,0.00040295,0.00019355,8.0159e-05,7.3273e-05
1092,0.00041575,0.00018058,8.1464e-05,7.1113e-05
1093,0.00044004,0.00019546,7.3063e-05,7.2007e-05
1094,0.00037722,0.00019507,8.1868e-05,7.2903e-05
1095,0.00043068,0.00018186,7.8059e-05,7.0258e-05
1096,0.00039784,0.0001837,7.8276e-05,7.1893e-05
1097,0.00042659,0.00019515,7.8506e-05,7.124e-05
1098,0.00043335,0.00019825,7.9306e-05,7.1779e-05
1099,0.00041934,0.00018115,7.8696e-05,6.7405e-05
1100,0.0003934,0.00019181,7.6343e-05,7.3375e-05
1101,0.00045356,0.00019524,7.9505e-05,6.679e-05
1102,0.00039406,0.00017602,7.8316e-05,6.9303e-05
1103,0.00040204,0.00020492,7.4468e-05,6.9092e-05
1104,0.00038867,0.00018271,7.6924e-05,6.8788e-05
1105,0.0004592,0.00018678,7.8267e-05,6.8979e-05
1106,0.00039153,0.00020509,7.6769e-05,6.9831e-05
1107,0.00041901,0.00018273,7.8345e-05,6.6494e-05
1108,0.00038107,0.00019577,8.05e-05,6.7782e-05
1109,0.00041896,0.00018574,7.5532e-05,6.7504e-05
1110,0.00041824,0.00019703,7.5233e-05,6.676e-05
1111,0.00039366,0.00019388,7.9238e-05,6.7601e-05
1112,0.00043082,0.0001793,7.9075e-05,6.5354e-05
1113,0.00043987,0.00019864,7.3915e-05,6.8239e-05
1114,0.00041226,0.0001845,7.6784e-05,6.5504e-05
1115,0.00041832,0.00020254,7.8627e-05,6.4571e-05
1116,0.00042335,0.00017697,7.5316e-05,6.6046e-05
1117,0.00041373,0.0001973,7.6362e-05,6.6196e-05
1118,0.00043082,0.00018151,7.955e-05,6.4871e-05
1119,0.00042415,0.00019679,7.5404e-05,6.4316e-05
1120,0.00043069,0.00018192,7.8274e-05,6.5987e-05
1121,0.0004324,0.00020233,7.5254e-05,6.1509e-05
1122,0.00037477,0.00018873,7.2538e-05,6.6751e-05
1123,0.00043618,0.00018949,7.8852e-05,6.1627e-05
1124,0.0004225,0.00018672,7.5599e-05,6.3505e-05
1125,0.00038917,0.00019749,8.1379e-05,6.5249e-05
1126,0.0003923,0.0001751,6.7427e-05,6.1791e-05
1127,0.00042732,0.00019655,8.1915e-05,6.2467e-05
1128,0.00041985,0.00019909,7.6561e-05,6.1762e-05
1129,0.00040466,0.00017784,7.4248e-05,6.4163e-05
1130,0.00044377,0.00019891,7.4209e-05,6.2042e-05
1131,0.00037382,0.00019464,7.9845e-05,6.2875e-05
1132,0.00041139,0.00018799,7.0477e-05,5.9908e-05
1133,0.00039565,0.00020447,7.9378e-05,6.1122e-05
1134,0.00042417,0.0001799,7.4444e-05,6.286e-05
1135,0.00039211,0.0001938,7.4609e-05,6.0919e-05
1136,0.00043786,0.00017726,8.0562e-05,5.9448e-05
1137,0.00040439,0.00020176,7.0845e-05,6.2117e-05
1138,0.00042335,0.00018724,7.4706e-05,5.9696e-05
1139,0.00039017,0.00020299,7.8357e-05,5.9889e-05
1140,0.00041907,0.00017341,7.5962e-05,5.9513e-05
1141,0.00040578,0.00020177,7.306e-05,6.0637e-05
1142,0.00039932,0.00018748,7.5314e-05,5.9536e-05
1143,0.00042688,0.000181,7.4795e-05,5.7807e-05
1144,0.00038665,0.00018508,7.4785e-05,6.1118e-05
1145,0.00040783,0.00019489,7.3826e-05,5.7367e-05
1146,0.00040604,0.00019019,7.4618e-05,5.9996e-05
1147,0.00043231,0.0001917,8.0722e-05,5.8909e-05
1148,0.0004231,0.00017881,7.0942e-05,5.6652e-05
1149,0.00041789,0.00019872,7.5257e-05,5.8465e-05
1150,0.00042134,0.00019054,7.54e-05,5.9563e-05
1151,0.00041345,0.00019669,7.5361e-05,5.5238e-05
1152,0.00039715,0.00018961,7.2567e-05,5.8554e-05
1153,0.00038851,0.00017926,7.773e-05,5.6993e-05
1154,0.00044063,0.00020002,7.9306e-05,5.8409e-05
1155,0.00040036,0.00018466,6.851e-05,5.631e-05
1156,0.00040513,0.00019728,7.5482e-05,5.5379e-05
1157,0.0004237,0.00018666,7.5622e-05,5.8755e-05
1158,0.00042542,0.00019936,7.2196e-05,5.43e-05
1159,0.00040368,0.00018578,7.9425e-05,5.6703e-05
1160,0.00040096,0.00019162,6.7619e-05,5.6929e-05
1161,0.00041057,0.00018104,7.9296e-05,5.5743e-05
1162,0.00041966,0.00020323,7.7917e-05,5.4308e-05
1163,0.00041591,0.00018966,7.011e-05,5.6702e-05
1164,0.00038445,0.00019397,7.6185e-05,5.4898e-05
1165,0.00040964,0.00018485,7.39e-05,5.5043e-05
1166,0.00044982,0.00018792,7.442e-05,5.6589e-05
1167,0.000355,0.00019073,7.5041e-05,5.3472e-05
1168,0.00043165,0.0001931,7.4404e-05,5.3155e-05
1169,0.00040591,0.00018433,7.1429e-05,5.555e-05
1170,0.0004167,0.0001984,7.4757e-05,5.5096e-05
1171,0.00041607,0.00018341,7.5132e-05,5.3091e-05
1172,0.00046269,0.00019947,7.7795e-05,5.4608e-05
1173,0.00038354,0.00018108,7.4651e-05,5.4246e-05
1174,0.00043408,0.00019179,7.3634e-05,5.4752e-05
1175,0.00038287,0.00019428,6.9168e-05,5.2016e-05
1176,0.00041713,0.00018376,7.9364e-05,5.2704e-05
1177,0.00038864,0.00018609,7.1102e-05,5.3159e-05
1178,0.00043642,0.00019011,7.4775e-05,5.3554e-05
1179,0.00040931,0.00019012,7.5498e-05,5.3395e-05
1180,0.00043928,0.00019892,7.6706e-05,5.4866e-05
1181,0.00042135,0.00018152,6.979e-05,4.8837e-05
1182,0.00041883,0.00019548,7.6593e-05,5.2764e-05
1183,0.00043417,0.0001866,7.1303e-05,5.4524e-05
1184,0.00037702,0.00019484,7.7297e-05,4.8951e-05
1185,0.00044537,0.00020164,7.1411e-05,5.3001e-05
1186,0.0004071,0.00018057,7.3718e-05,5.3016e-05
1187,0.0004183,0.0001921,7.4651e-05,5.0712e-05
1188,0.00041296,0.00018811,7.6535e-05,5.1449e-05
1189,0.00042854,0.00018844,6.9034e-05,5.1418e-05
1190,0.00040875,0.00019115,7.5753e-05,5.2035e-05
1191,0.00041376,0.00019068,7.1705e-05,5.0133e-05
1192,0.00038591,0.00017398,7.5028e-05,5.1234e-05
1193,0.00043441,0.00020211,7.3289e-05,5.1649e-05
1194,0.00041748,0.00018799,7.3525e-05,5.1276e-05
1195,0.00040315,0.00018526,7.5685e-05,4.8722e-05
1196,0.00040495,0.0001938,7.275e-05,5.0185e-05
1197,0.00040368,0.00018332,7.3627e-05,4.9766e-05
1198,0.0004163,0.00019233,7.4996e-05,5.0054e-05
1199,0.0004153,0.00019681,7.5603e-05,5.1058e-05
1200,0.00040023,0.00018272,6.9386e-05,5.0658e-05
1201,0.00039218,0.00019112,7.3276e-05,4.736e-05
1202,0.00039139,0.00018664,7.7178e-05,5.0259e-05
1203,0.00039053,0.00019349,6.9379e-05,5.0437e-05
1204,0.0004246,0.00018375,7.8615e-05,4.9149e-05
1205,0.00043984,0.00019757,7.1964e-05,4.8684e-05
1206,0.0004021,0.0001806,7.2017e-05,5.0265e-05
1207,0.00042492,0.00018981,7.2026e-05,4.8543e-05
1208,0.00042351,0.00019761,7.5078e-05,4.7746e-05
1209,0.00041285,0.00019458,7.5232e-05,5.0246e-05
1210,0.00039902,0.00017476,7.0521e-05,4.6263e-05
1211,0.00042313,0.00020281,7.523e-05,4.8718e-05
1212,0.00044327,0.00018857,7.2494e-05,4.847e-05
1213,0.00041054,0.00018315,7.3278e-05,4.805e-05
1214,0.00040055,0.00018707,7.3132e-05,4.8373e-05
1215,0.00041779,0.00019591,7.5782e-05,4.9045e-05
1216,0.00042348,0.00018693,7.6294e-05,4.5949e-05
1217,0.00041834,0.00020305,6.7947e-05,4.9977e-05
1218,0.00039517,0.00017819,7.6578e-05,4.4244e-05
1219,0.00041994,0.00018451,7.4809e-05,4.8995e-05
1220,0.00040496,0.00019635,7.1972e-05,4.7482e-05
1221,0.000405,0.00020047,7.4163e-05,4.6676e-05
1222,0.0004291,0.00018472,6.9098e-05,4.8282e-05
1223,0.00039205,0.00019414,7.8275e-05,4.6142e-05
1224,0.0004112,0.00017895,6.6392e-05,4.6217e-05
1225,0.000422,0.00019426,7.8459e-05,4.6454e-05
1226,0.00041292,0.00018772,6.9098e-05,4.8492e-05
1227,0.00042307,0.00020448,7.9765e-05,4.5812e-05
1228,0.00038902,0.00017403,7.1046e-05,4.5384e-05
1229,0.00041319,0.00019047,6.919e-05,4.6409e-05
1230,0.00042402,0.00019341,7.6394e-05,4.6081e-05
1231,0.00044039,0.00018501,7.0497e-05,4.5625e-05
1232,0.00039581,0.0001956,7.5307e-05,4.7982e-05
1233,0.00039734,0.00018607,7.1124e-05,4.3525e-05
1234,0.00046025,0.00017531,7.5139e-05,4.7372e-05
1235,0.00041616,0.00020313,7.4963e-05,4.4569e-05
1236,0.00039143,0.00018923,7.1217e-05,4.6423e-05
1237,0.00041292,0.00019447,6.9572e-05,4.5431e-05
1238,0.00037144,0.00018343,8.1198e-05,4.5142e-05
1239,0.00041887,0.00019618,6.7406e-05,4.433e-05
1240,0.00039271,0.00018431,7.6759e-05,4.5428e-05
1241,0.00039546,0.00019384,7.0169e-05,4.5426e-05
1242,0.00043014,0.00019048,7.2318e-05,4.4034e-05
1243,0.00038104,0.00019009,7.3927e-05,4.6586e-05
1244,0.00041226,0.00018518,7.3577e-05,4.1586e-05
1245,0.0004153,0.00018384,7.0282e-05,4.6744e-05
1246,0.00042699,0.00018799,7.5553e-05,4.3705e-05
1247,0.00042535,0.00020387,7.3129e-05,4.3525e-05
1248,0.00040222,0.00017699,6.8812e-05,4.3927e-05
1249,0.00043046,0.00018982,7.6875e-05,4.5582e-05
1250,0.00040201,0.00019266,7.1563e-05,4.3797e-05
1251,0.0004052,0.00018046,7.4505e-05,4.408e-05
1252,0.00040033,0.0002016,7.4674e-05,4.2748e-05
1253,0.00043368,0.00018939,6.8721e-05,4.3115e-05
1254,0.00038893,0.00019565,7.0964e-05,4.4794e-05
1255,0.00043066,0.00018136,7.4125e-05,4.4422e-05
1256,0.00041903,0.00019278,7.6435e-05,4.2623e-05
1257,0.00038694,0.00018218,7.2566e-05,4.2942e-05
1258,0.00042741,0.00020177,7.1131e-05,4.2582e-05
1259,0.00041444,0.00018055,7.1908e-05,4.4167e-05
1260,0.0003992,0.00019464,7.6865e-05,4.513e-05
1261,0.00043383,0.00019126,6.9013e-05,3.9502e-05
1262,0.00037639,0.00020092,7.2599e-05,4.4537e-05
1263,0.00042765,0.000187,7.26e-05,4.2114e-05
1264,0.00040044,0.0001829,7.306e-05,4.1829e-05
1265,0.00042533,0.00019106,7.199e-05,4.3266e-05
1266,0.00040694,0.0001907,7.7678e-05,4.4134e-05
1267,0.0004233,0.00019609,6.8945e-05,4.1732e-05
1268,0.00040053,0.0001804,7.1835e-05,4.0726e-05
1269,0.00041904,0.00018733,7.6773e-05,4.3285e-05
1270,0.00044017,0.00019505,6.8267e-05,4.0373e-05
1271,0.00038079,0.00018182,7.3303e-05,4.4871e-05
1272,0.00045622,0.00019752,7.4754e-05,4.0584e-05
1273,0.00039504,0.00019407,7.0536e-05,4.0029e-05
1274,0.00041344,0.00019465,7.4455e-05,4.2937e-05
1275,0.00041453,0.00017834,7.1202e-05,4.1947e-05
1276,0.00042659,0.00018585,7.4308e-05,4.1337e-05
1277,0.00043091,0.00019847,7.166e-05,4.0754e-05
1278,0.00041597,0.00019409,7.1482e-05,4.2336e-05
1279,0.00042282,0.0001869,7.6078e-05,4.1027e-05
1280,0.00039344,0.00018133,6.8709e-05,4.1667e-05
1281,0.00041835,0.00019386,7.4059e-05,4.0173e-05
1282,0.00044286,0.00019207,7.3364e-05,4.1208e-05
1283,0.0003861,0.00018749,7.4275e-05,4.199e-05
1284,0.00039034,0.00017676,7.2092e-05,4.0693e-05
1285,0.00041747,0.00019942,7.0676e-05,4.1183e-05
1286,0.00040202,0.00019042,7.3766e-05,4.0005e-05
1287,0.00046354,0.00018698,6.9987e-05,4.0659e-05
1288,0.00040259,0.00018974,7.8819e-05,4.1256e-05
1289,0.00040245,0.00019456,6.661e-05,4.0279e-05
1290,0.00040645,0.00019294,7.3273e-05,3.899e-05
1291,0.00040218,0.0001878,7.2224e-05,4.1772e-05
1292,0.00044703,0.00019353,7.051e-05,3.9345e-05
1293,0.00040202,0.00019227,7.7444e-05,4.1578e-05
1294,0.00038515,0.00018538,6.892e-05,4.0422e-05
1295,0.00040745,0.00018824,7.667e-05,3.8496e-05
1296,0.00038422,0.00018963,6.6505e-05,4.0061e-05
1297,0.0004256,0.00018782,7.5213e-05,4.029e-05
1298,0.00042473,0.0001868,7.4996e-05,3.9776e-05
1299,0.00043163,0.00020578,7.1657e-05,3.945e-05
1300,0.00040095,0.00018173,7.4178e-05,4.0168e-05
1301,0.00043122,0.00019163,7.0561e-05,3.8607e-05
1302,0.00040236,0.00016835,6.8636e-05,3.9519e-05
1303,0.00044458,0.00020719,7.9946e-05,3.9749e-05
1304,0.00039869,0.00018286,6.649e-05,3.9015e-05
1305,0.00044558,0.00020168,7.7444e-05,4.0627e-05
1306,0.00044077,0.00018734,6.8487e-05,3.5524e-05
1307,0.00044068,0.0001948,7.3971e-05,4.1893e-05
1308,0.00039735,0.00018221,6.8881e-05,3.9044e-05
1309,0.00043602,0.00019637,7.6437e-05,3.8013e-05
1310,0.00042156,0.0001833,7.2156e-05,3.9311e-05
1311,0.00039214,0.00019138,7.1639e-05,4.0114e-05
1312,0.00040827,0.00019419,7.3173e-05,3.7055e-05
1313,0.00041541,0.00018194,7.04e-05,4.003e-05
1314,0.00039445,0.00019394,7.4363e-05,3.7735e-05
1315,0.00042968,0.000181,7.0526e-05,3.9165e-05
1316,0.00039418,0.00020103,7.1759e-05,3.7801e-05
1317,0.00045207,0.00018322,7.3087e-05,3.8708e-05
1318,0.00039756,0.00018968,7.3602e-05,3.8172e-05
1319,0.00041977,0.0001957,6.9349e-05,3.8056e-05
1320,0.00040081,0.00018506,7.4224e-05,3.8753e-05
1321,0.00044948,0.00020019,7.3195e-05,3.8059e-05
1322,0.000359,0.0001884,7.2368e-05,3.6986e-05
1323,0.00043272,0.00019217,7.6038e-05,4.0036e-05
1324,0.00038643,0.00018803,6.8201e-05,3.7802e-05
1325,0.00044015,0.00018697,7.3269e-05,3.6097e-05
1326,0.00042296,0.00018908,7.0368e-05,3.776e-05
1327,0.0004042,0.0001828,7.8579e-05,3.7891e-05
1328,0.00041755,0.00019519,6.7055e-05,3.9541e-05
1329,0.00041673,0.00018537,7.7243e-05,3.5398e-05
1330,0.00041308,0.00018664,6.6457e-05,3.8209e-05
1331,0.00044186,0.00020013,7.8182e-05,3.7032e-05
1332,0.00039132,0.00018323,6.8348e-05,3.7306e-05
1333,0.00041712,0.00018584,7.3999e-05,3.772e-05
1334,0.00041802,0.00019092,7.0945e-05,3.6227e-05
1335,0.0004298,0.00019025,7.4848e-05,3.8998e-05
1336,0.00040319,0.00018523,7.1648e-05,3.7112e-05
1337,0.00043735,0.00019448,7.0918e-05,3.6119e-05
1338,0.00039373,0.0001902,7.4953e-05,3.7747e-05
1339,0.0004254,0.00019509,6.8158e-05,3.5937e-05
1340,0.0004416,0.00017396,7.6764e-05,3.7363e-05
1341,0.00040094,0.00020538,7.2399e-05,3.8097e-05
1342,0.00043113,0.00018266,7.2124e-05,3.5662e-05
1343,0.00040112,0.00020523,6.9797e-05,3.7949e-05
1344,0.00043022,0.0001686,7.6569e-05,3.5391e-05
1345,0.00041563,0.00019505,6.6135e-05,3.6907e-05
1346,0.00038821,0.00019531,7.4575e-05,3.618e-05
1347,0.0004585,0.00019146,7.3827e-05,3.7413e-05
1348,0.00038809,0.00019956,7.3674e-05,3.6275e-05
1349,0.00042069,0.00017589,7.174e-05,3.632e-05
1350,0.00039237,0.00019589,6.9876e-05,3.5674e-05
1351,0.00041292,0.00019323,7.6426e-05,3.528e-05
1352,0.00040755,0.00018923,7.3256e-05,3.8467e-05
1353,0.00039996,0.00017857,6.5822e-05,3.454e-05
1354,0.0004167,0.00019321,7.6256e-05,3.6073e-05
1355,0.0004073,0.00019808,7.276e-05,3.6282e-05
1356,0.00043054,0.0001806,7.235e-05,3.6955e-05
1357,0.00039834,0.00019259,7.6793e-05,3.5044e-05
1358,0.0003966,0.00019652,6.7105e-05,3.6144e-05
1359,0.00041305,0.00019047,7.0468e-05,3.5141e-05
1360,0.00043594,0.00020032,7.315e-05,3.7228e-05
1361,0.00041569,0.00019092,7.6339e-05,3.4356e-05
1362,0.00042839,0.00017905,6.7677e-05,3.6399e-05
1363,0.00041081,0.0002058,7.7132e-05,3.6305e-05
1364,0.0004199,0.00018048,6.8894e-05,3.4438e-05
1365,0.00042804,0.00019262,7.3899e-05,3.6908e-05
1366,0.00040229,0.0001831,7.0111e-05,3.3289e-05
1367,0.00042066,0.00019834,7.4599e-05,3.6068e-05
1368,0.00038017,0.0001914,7.1094e-05,3.4932e-05
1369,0.00043627,0.00018086,7.4182e-05,3.6386e-05
1370,0.00041109,0.00019193,7.2828e-05,3.3961e-05
1371,0.00042834,0.0001906,6.7303e-05,3.5822e-05
1372,0.00039805,0.00020633,7.5967e-05,3.4172e-05
1373,0.00040688,0.00017483,7.124e-05,3.6373e-05
1374,0.0004193,0.00019129,7.1653e-05,3.512e-05
1375,0.00041992,0.00018762,7.6064e-05,3.5437e-05
1376,0.00041531,0.00018811,6.7795e-05,3.3643e-05
1377,0.0004118,0.00019835,7.3222e-05,3.5911e-05
1378,0.00039519,0.00018371,7.3107e-05,3.3608e-05
1379,0.00043735,0.00020249,7.1404e-05,3.4195e-05
1380,0.00040549,0.00018366,7.1206e-05,3.4448e-05
1381,0.00040611,0.00019403,7.1995e-05,3.4432e-05
1382,0.00042868,0.00018692,7.3642e-05,3.5697e-05
1383,0.00041794,0.00019694,7.3984e-05,3.4969e-05
1384,0.00042125,0.00017177,7.2005e-05,3.3489e-05
1385,0.00040645,0.00019826,7.2225e-05,3.6081e-05
1386,0.00041281,0.00018818,7.179e-05,3.2387e-05
1387,0.00040041,0.00018116,7.1567e-05,3.5723e-05
1388,0.00039642,0.00019842,7.183e-05,3.2962e-05
1389,0.00043583,0.00019695,6.8275e-05,3.501e-05
1390,0.00037723,0.00017047,7.8584e-05,3.3938e-05
1391,0.00044619,0.00020379,6.9873e-05,3.5474e-05
1392,0.00042383,0.00018224,7.1481e-05,3.3249e-05
1393,0.00043228,0.00020724,6.9213e-05,3.3874e-05
1394,0.00039693,0.00017524,7.4511e-05,3.4658e-05
1395,0.00041498,0.00020151,7.4499e-05,3.2789e-05
1396,0.00042258,0.00017875,6.8276e-05,3.5104e-05
1397,0.00041022,0.00019135,7.3078e-05,3.2984e-05
1398,0.00042096,0.000192,7.6841e-05,3.3555e-05
1399,0.00040101,0.00019551,7.1736e-05,3.3237e-05
1400,0.00042262,0.00017909,6.8683e-05,3.3942e-05
1401,0.00038761,0.00020869,7.3729e-05,3.4058e-05
1402,0.00042192,0.00017778,7.3386e-05,3.3967e-05
1403,0.00040883,0.00019834,7.1952e-05,3.166e-05
1404,0.00043245,0.00018392,7.0914e-05,3.6058e-05
1405,0.00040989,0.00018215,7.1622e-05,3.159e-05
1406,0.00039682,0.00020415,7.4342e-05,3.4001e-05
1407,0.00041383,0.00017901,7.3781e-05,3.3608e-05
1408,0.00043454,0.00019363,6.924e-05,3.281e-05
1409,0.00037867,0.00017547,7.6108e-05,3.4217e-05
1410,0.00040807,0.00020405,7.0702e-05,3.3356e-05
1411,0.00041603,0.00019159,6.7329e-05,3.2871e-05
1412,0.00037759,0.00019066,7.6558e-05,3.1847e-05
1413,0.00041628,0.0001878,7.3381e-05,3.4489e-05
1414,0.00042414,0.00018057,6.987e-05,3.2832e-05
1415,0.0004006,0.00019699,7.3904e-05,3.3033e-05
1416,0.00039383,0.00020675,6.9938e-05,3.2534e-05
1417,0.00041309,0.00017803,7.4149e-05,3.3868e-05
1418,0.00043792,0.00018965,7.0142e-05,3.1863e-05
1419,0.00039718,0.00020089,7.7039e-05,3.2391e-05
1420,0.00041187,0.0001873,6.6719e-05,3.3215e-05
1421,0.00043207,0.00019078,7.3589e-05,3.3427e-05
1422,0.00038057,0.00019104,7.292e-05,3.2993e-05
1423,0.00042453,0.00018718,7.2759e-05,3.1653e-05
1424,0.00040659,0.00020298,7.0006e-05,3.3048e-05
1425,0.00042956,0.00018247,7.3039e-05,3.2923e-05
1426,0.0003701,0.00018568,7.3909e-05,3.1408e-05
1427,0.00043154,0.00019997,7.2609e-05,3.4661e-05
1428,0.00037468,0.00017682,6.9634e-05,3.0901e-05
1429,0.00043008,0.00020669,7.0081e-05,3.1444e-05
1430,0.00041103,0.00017585,7.6224e-05,3.4141e-05
1431,0.00040681,0.00019711,6.8691e-05,3.1004e-05
1432,0.00042467,0.00019215,7.3269e-05,3.2831e-05
1433,0.00042883,0.00018929,7.3705e-05,3.2545e-05
1434,0.00038212,0.00018717,7.1429e-05,3.1733e-05
1435,0.00043135,0.00019905,7.2204e-05,3.2864e-05
1436,0.00040119,0.00018181,7.4078e-05,3.1732e-05
1437,0.00043444,0.00019764,7.0159e-05,3.1841e-05
1438,0.00039997,0.00018891,6.8632e-05,3.2432e-05
1439,0.00040634,0.00019074,7.341e-05,3.2601e-05
1440,0.00045801,0.00018617,7.2149e-05,3.0927e-05
1441,0.00043029,0.00018334,7.4974e-05,3.2216e-05
1442,0.00039758,0.00019436,6.8887e-05,3.2519e-05
1443,0.00041026,0.00018374,7.2934e-05,3.0738e-05
1444,0.00041525,0.00019307,7.1325e-05,3.3296e-05
1445,0.00040607,0.00019156,7.4525e-05,2.9218e-05
1446,0.00039597,0.00019415,6.7272e-05,3.3745e-05
1447,0.00040092,0.00018738,7.8257e-05,3.0447e-05
1448,0.00041159,0.00018413,7.2099e-05,3.2526e-05
1449,0.00042436,0.00019207,6.7898e-05,3.1972e-05
1450,0.00042715,0.00019309,7.5494e-05,3.0112e-05
1451,0.00041428,0.00018324,7.203e-05,3.2577e-05
1452,0.00040631,0.00020087,6.903e-05,3.0074e-05
1453,0.00044141,0.00018532,7.4065e-05,3.2889e-05
1454,0.00041018,0.00018804,7.0008e-05,3.2864e-05
1455,0.00042726,0.0001933,7.5321e-05,2.9961e-05
1456,0.00039199,0.00018518,7.4118e-05,3.1951e-05
1457,0.00046724,0.00019812,7.0219e-05,2.9666e-05
1458,0.00039771,0.00019722,7.1378e-05,3.1876e-05
1459,0.00040718,0.00018028,7.314e-05,3.1391e-05
1460,0.00041895,0.0001944,7.2598e-05,3.2128e-05
1461,0.00039038,0.00018116,7.4203e-05,3.1105e-05
1462,0.00040527,0.00019836,7.0316e-05,3.0209e-05
1463,0.0004197,0.00019302,7.1961e-05,3.134e-05
1464,0.00041179,0.00017148,7.2142e-05,3.0222e-05
1465,0.00039232,0.00020067,7.6566e-05,3.2176e-05
1466,0.00041208,0.00018689,6.4807e-05,3.0508e-05
1467,0.00043522,0.00019978,7.3629e-05,3.1393e-05
1468,0.00040043,0.0001921,7.5277e-05,2.8912e-05
1469,0.00041217,0.00018611,6.8209e-05,3.3222e-05
1470,0.00043939,0.00018733,7.7617e-05,3.0128e-05
1471,0.00040732,0.00018309,7.0721e-05,2.9926e-05
1472,0.00042799,0.00020523,7.0707e-05,3.2534e-05
1473,0.00041326,0.0001752,6.9609e-05,3.062e-05
1474,0.00042517,0.00018669,7.9865e-05,2.9941e-05
1475,0.00041002,0.00019306,6.5612e-05,2.9375e-05
1476,0.00043299,0.00019548,7.4679e-05,3.2173e-05
1477,0.00040293,0.00017528,7.1527e-05,2.999e-05
1478,0.00038102,0.0002062,7.2229e-05,3.1543e-05
1479,0.00043957,0.00017447,7.4316e-05,3.019e-05
1480,0.00037709,0.00020492,6.8612e-05,2.9893e-05
1481,0.00043177,0.00017537,7.6278e-05,3.1307e-05
1482,0.00040568,0.00020071,7.2138e-05,2.911e-05
1483,0.00042426,0.00018259,7.2431e-05,3.1699e-05
1484,0.00043391,0.00019394,7.1247e-05,2.9339e-05
1485,0.00042539,0.00019037,7.1266e-05,3.1086e-05
1486,0.00042599,0.00017973,7.5502e-05,2.9562e-05
1487,0.00041324,0.00020749,6.8798e-05,3.097e-05
1488,0.00040236,0.00017708,7.1717e-05,2.9624e-05
1489,0.00042602,0.00020259,7.2467e-05,3.0645e-05
1490,0.00040851,0.00018288,7.432e-05,3.079e-05
1491,0.00040539,0.00019238,6.9585e-05,3.0141e-05
1492,0.00039462,0.00018882,7.4988e-05,2.917e-05
1493,0.00040695,0.00019082,7.1876e-05,2.8289e-05
1494,0.00041666,0.00018478,6.9351e-05,3.2252e-05
1495,0.00040718,0.00018831,7.1835e-05,2.8714e-05
1496,0.00039539,0.00019492,7.6004e-05,3.1412e-05
1497,0.00042962,0.00018373,7.0419e-05,2.902e-05
1498,0.00042706,0.00019937,7.347e-05,3.037e-05
1499,0.00042254,0.00018785,7.1086e-05,2.9194e-05
1500,0.00037013,0.00017911,6.952e-05,3.0769e-05
1501,0.0004234,0.00019297,7.6639e-05,2.9341e-05
1502,0.00039465,0.00020312,6.8201e-05,3.0077e-05
1503,0.00045168,0.00019345,7.4432e-05,2.8883e-05
1504,0.00038306,0.00017557,7.369e-05,2.9916e-05
1505,0.00041582,0.00020042,6.9703e-05,2.9719e-05
1506,0.00043217,0.00019974,7.1404e-05,2.9592e-05
1507,0.00039386,0.00018282,7.3417e-05,3.0673e-05
1508,0.00041583,0.0001822,7.4786e-05,2.846e-05
1509,0.00041668,0.00020068,6.9584e-05,2.9904e-05
1510,0.00041795,0.00018421,6.9525e-05,2.986e-05
1511,0.00047096,0.00019747,7.8176e-05,2.9726e-05
1512,0.00041313,0.00018444,6.9139e-05,2.847e-05
1513,0.00041407,0.00019995,7.241e-05,2.9853e-05
1514,0.00043221,0.00016606,7.1664e-05,2.9677e-05
1515,0.00043012,0.00020272,7.08e-05,2.9352e-05
1516,0.00038958,0.00018133,7.7418e-05,2.8381e-05
1517,0.00042572,0.00019706,7.1297e-05,3.0437e-05
1518,0.00042895,0.00019331,6.8875e-05,2.8509e-05
1519,0.00040679,0.0001829,7.3103e-05,3.031e-05
1520,0.00040855,0.00018326,7.2248e-05,2.8871e-05
1521,0.00046127,0.00019702,7.2645e-05,2.8586e-05
1522,0.00039489,0.00019328,7.1358e-05,2.9162e-05
1523,0.0004261,0.00018942,7.5143e-05,3.1085e-05
1524,0.0003983,0.00018847,7.558e-05,2.8145e-05
1525,0.00043401,0.00018609,6.6523e-05,2.8064e-05
1526,0.00039283,0.00020055,7.1224e-05,3.0142e-05
1527,0.00041335,0.0001752,7.5725e-05,2.8788e-05
1528,0.00041045,0.00019652,6.6536e-05,2.876e-05
1529,0.00038992,0.00018807,7.8391e-05,3.1142e-05
1530,0.00043012,0.00019849,6.537e-05,2.6695e-05
1531,0.00041518,0.0001788,7.9449e-05,3.0024e-05
1532,0.00041532,0.00020125,6.7728e-05,2.8436e-05
1533,0.00042654,0.00018486,7.2998e-05,2.9286e-05
1534,0.00039354,0.00018894,7.2285e-05,3.0683e-05
1535,0.00039054,0.00019417,7.1851e-05,2.6455e-05
1536,0.00042353,0.00019353,6.9977e-05,3.0711e-05
1537,0.00043937,0.00017311,7.4388e-05,2.6351e-05
1538,0.00036353,0.00020221,7.3763e-05,3.0462e-05
1539,0.00044644,0.00019922,7.3085e-05,2.8263e-05
1540,0.00041807,0.00018217,7.0825e-05,2.8313e-05
1541,0.00041394,0.00019175,6.9102e-05,2.897e-05
1542,0.00042658,0.00019696,7.5428e-05,3.0216e-05
1543,0.00040795,0.00018163,7.3229e-05,2.6075e-05
1544,0.00039946,0.00019814,6.8629e-05,3.0083e-05
1545,0.00041796,0.00018817,7.3681e-05,2.9803e-05
1546,0.00041395,0.00018755,7.2753e-05,2.7016e-05
1547,0.00043834,0.00019528,7.1593e-05,2.8154e-05
1548,0.00042177,0.0001904,7.1944e-05,3.0803e-05
1549,0.00040882,0.00019265,6.87e-05,2.689e-05
1550,0.00041198,0.00018992,7.7121e-05,2.8512e-05
1551,0.00042542,0.00018095,6.6746e-05,2.9566e-05
1552,0.00037006,0.00019049,7.2809e-05,2.6384e-05
1553,0.0004158,0.00019472,7.726e-05,3.0498e-05
1554,0.00040143,0.00020074,6.7861e-05,2.7336e-05
1555,0.00041664,0.00017748,7.6833e-05,2.9512e-05
1556,0.00040376,0.00019223,6.5054e-05,2.7468e-05
1557,0.00040951,0.00019546,7.6436e-05,2.9041e-05
1558,0.0004078,0.00018359,7.0926e-05,2.7496e-05
1559,0.00042734,0.00018873,7.394e-05,2.9609e-05
1560,0.00040386,0.00018889,6.8737e-05,2.6954e-05
1561,0.00040521,0.00017202,7.4522e-05,2.9466e-05
1562,0.00043126,0.00019589,7.1116e-05,2.7089e-05
1563,0.00039778,0.00020173,7.2825e-05,2.8366e-05
1564,0.00042103,0.00017988,7.506e-05,2.8843e-05
1565,0.00042249,0.00020434,7.0744e-05,2.7552e-05
1566,0.00042274,0.00018337,7.4925e-05,2.8155e-05
1567,0.00041392,0.00018865,6.8581e-05,2.7985e-05
1568,0.00039923,0.00019225,7.0635e-05,2.8564e-05
1569,0.00048328,0.00019029,7.2792e-05,2.7443e-05
1570,0.00039562,0.00018922,7.3527e-05,2.9221e-05
1571,0.00041611,0.00019469,7.473e-05,2.6468e-05
1572,0.0004151,0.00018706,6.4729e-05,2.8353e-05
1573,0.00043151,0.00019093,7.396e-05,2.9131e-05
1574,0.00039397,0.00017575,7.6328e-05,2.9086e-05
1575,0.00042953,0.00021738,7.1523e-05,2.5487e-05
1576,0.00039144,0.00016875,7.2931e-05,2.7407e-05
1577,0.00042567,0.0001986,7.3179e-05,3.0254e-05
1578,0.00039201,0.000185,6.9038e-05,2.6708e-05
1579,0.00046216,0.00018822,7.0166e-05,2.868e-05
1580,0.0003607,0.00019563,7.4673e-05,2.7058e-05
1581,0.00045124,0.00017862,7.3105e-05,2.7021e-05
1582,0.00041514,0.00020409,7.1719e-05,2.9863e-05
1583,0.00040368,0.0001934,6.7759e-05,2.655e-05
1584,0.00040552,0.00018595,7.6097e-05,2.8306e-05
1585,0.00041803,0.0001828,7.3369e-05,2.8049e-05
1586,0.00038819,0.0002005,7.1208e-05,2.7039e-05
1587,0.00039748,0.0001855,7.2724e-05,2.7881e-05
1588,0.00046411,0.00018707,6.8069e-05,2.675e-05
1589,0.00037438,0.00018764,7.3864e-05,2.9416e-05
1590,0.00043408,0.00019775,7.5245e-05,2.5591e-05
1591,0.00043606,0.00019658,6.8137e-05,2.9055e-05
1592,0.00041625,0.00018539,7.6819e-05,2.7575e-05
1593,0.00041814,0.00018842,6.792e-05,2.7729e-05
1594,0.00039844,0.00018104,7.0806e-05,2.674e-05
1595,0.00043353,0.00020467,7.725e-05,2.895e-05
1596,0.00040578,0.00018276,6.8245e-05,2.6322e-05
1597,0.00042287,0.0001926,7.1823e-05,2.7296e-05
1598,0.00040731,0.00017903,7.4591e-05,2.7904e-05
1599,0.00042261,0.00020378,6.676e-05,2.7791e-05
1600,0.00041612,0.00018765,7.6608e-05,2.6577e-05
1601,0.00041101,0.00017899,6.907e-05,2.8312e-05
1602,0.00042461,0.00019568,7.426e-05,2.639e-05
1603,0.00043779,0.00018665,7.0925e-05,2.8381e-05
1604,0.00041338,0.00018933,7.5947e-05,2.735e-05
1605,0.00038617,0.00019317,6.6229e-05,2.7511e-05
1606,0.00043436,0.00019108,7.4107e-05,2.6461e-05
1607,0.00039432,0.00019603,7.323e-05,2.7971e-05
1608,0.00040431,0.00017202,7.448e-05,2.7446e-05
1609,0.00042466,0.00020363,7.1154e-05,2.6529e-05
1610,0.00042016,0.00018107,7.0168e-05,2.7237e-05
1611,0.00038626,0.00020247,7.6268e-05,2.8309e-05
1612,0.00041305,0.00018518,6.7659e-05,2.7651e-05
1613,0.00039874,0.00019754,7.8178e-05,2.4562e-05
1614,0.00042199,0.00018963,6.5339e-05,3.0012e-05
1615,0.00040893,0.00018622,7.6973e-05,2.4979e-05
1616,0.00040928,0.00018623,6.6973e-05,2.8005e-05
1617,0.00042893,0.00019338,7.5982e-05,2.8078e-05
1618,0.00037502,0.00018809,7.1863e-05,2.6676e-05
1619,0.00043559,0.0001864,7.0352e-05,2.6215e-05
1620,0.00041092,0.00019074,7.2682e-05,2.7587e-05
1621,0.00039931,0.00018409,6.5321e-05,2.7963e-05
1622,0.00041111,0.00020182,8.259e-05,2.6258e-05
1623,0.00042246,0.00018569,6.9952e-05,2.638e-05
1624,0.00040057,0.00017565,7.277e-05,2.772e-05
1625,0.00043409,0.00019501,6.9495e-05,2.6532e-05
1626,0.00038388,0.00020059,7.3238e-05,2.7669e-05
1627,0.00042774,0.00019347,7.5154e-05,2.6463e-05
1628,0.00044099,0.00017076,6.8915e-05,2.7341e-05
1629,0.00040978,0.00020558,7.346e-05,2.6849e-05
1630,0.00043172,0.00017749,7.0167e-05,2.6311e-05
1631,0.00041747,0.00020263,7.4044e-05,2.7261e-05
1632,0.0004205,0.0001845,7.0285e-05,2.6993e-05
1633,0.00040906,0.00018807,7.2137e-05,2.7481e-05
1634,0.00041409,0.00019943,7.152e-05,2.5264e-05
1635,0.00040105,0.00018167,7.7486e-05,2.7316e-05
1636,0.00041067,0.00019265,6.723e-05,2.7765e-05
1637,0.00042026,0.00018708,7.4367e-05,2.5847e-05
1638,0.00042798,0.00018697,7.0473e-05,2.4865e-05
1639,0.00040508,0.00018506,7.3725e-05,3.013e-05
1640,0.00042385,0.00019637,7.0871e-05,2.4949e-05
1641,0.00043812,0.00018342,7.348e-05,2.7458e-05
1642,0.00038446,0.000196,6.9868e-05,2.6492e-05
1643,0.00044154,0.00018484,7.5016e-05,2.6013e-05
1644,0.00036285,0.00018499,6.8215e-05,2.7012e-05
1645,0.00044882,0.00018365,7.8605e-05,2.7896e-05
1646,0.00040781,0.00019872,6.7256e-05,2.5733e-05
1647,0.00043599,0.00019287,7.3536e-05,2.6338e-05
1648,0.00041911,0.00018838,7.1219e-05,2.6937e-05
1649,0.00040256,0.00018925,7.3406e-05,2.4879e-05
1650,0.00041465,0.00018834,7.2338e-05,2.6618e-05
1651,0.00042234,0.00018848,7.0347e-05,2.8138e-05
1652,0.00042485,0.00019491,7.5251e-05,2.6375e-05
1653,0.00043071,0.00018619,7.0013e-05,2.6825e-05
1654,0.00038794,0.00019776,7.4356e-05,2.5325e-05
1655,0.00043075,0.0001888,6.8329e-05,2.6402e-05
1656,0.00041239,0.00018265,7.2e-05,2.745e-05
1657,0.00040229,0.00019275,7.4041e-05,2.5523e-05
1658,0.00043061,0.00018836,7.3406e-05,2.7563e-05
1659,0.00042639,0.00019237,6.8342e-05,2.6144e-05
1660,0.0004183,0.000191,7.6439e-05,2.5638e-05
1661,0.00041081,0.00019043,7.1185e-05,2.65e-05
1662,0.00042187,0.00019777,7.0626e-05,2.767e-05
1663,0.00039813,0.00018698,7.1912e-05,2.5053e-05
1664,0.00038191,0.00018685,7.2607e-05,2.8229e-05
1665,0.00041887,0.0001946,7.3581e-05,2.375e-05
1666,0.00041688,0.00019943,6.977e-05,2.6963e-05
1667,0.00043231,0.00018086,7.5536e-05,2.7214e-05
1668,0.00040188,0.0001862,6.6727e-05,2.6719e-05
1669,0.00040213,0.00019758,7.5569e-05,2.5025e-05
1670,0.00041226,0.00018211,7.226e-05,2.7281e-05
1671,0.00040642,0.00020266,7.1452e-05,2.404e-05
1672,0.00040716,0.00017506,7.0903e-05,2.8098e-05
1673,0.00040954,0.00019724,7.7955e-05,2.4448e-05
1674,0.00040947,0.00019947,6.4472e-05,2.6787e-05
1675,0.00042558,0.00017606,7.8651e-05,2.5308e-05
1676,0.00042527,0.00019198,6.7954e-05,2.8432e-05
1677,0.00043329,0.00018649,6.9493e-05,2.5057e-05
1678,0.00040185,0.00019883,7.4906e-05,2.5868e-05
1679,0.00038876,0.00018733,7.5724e-05,2.7215e-05
1680,0.000412,0.00019034,6.8523e-05,2.4645e-05
1681,0.00042545,0.00018585,7.2148e-05,2.6364e-05
1682,0.0004182,0.00018635,7.4382e-05,2.6918e-05
1683,0.00040877,0.00019442,6.6972e-05,2.4816e-05
1684,0.00038423,0.0001963,7.556e-05,2.7234e-05
1685,0.00042066,0.0001839,6.9111e-05,2.5761e-05
1686,0.00037599,0.00018691,7.5049e-05,2.5326e-05
1687,0.00042795,0.00019966,7.4901e-05,2.7568e-05
1688,0.00042414,0.0001823,6.8297e-05,2.4024e-05
1689,0.00039955,0.00019308,6.9283e-05,2.6144e-05
1690,0.00041589,0.00018085,7.873e-05,2.6062e-05
1691,0.00041504,0.00019897,7.0503e-05,2.6006e-05
1692,0.00044128,0.00018732,7.2619e-05,2.4531e-05
1693,0.00040947,0.00019798,6.7128e-05,2.7014e-05
1694,0.0004008,0.00018377,7.6824e-05,2.7772e-05
1695,0.00041262,0.00020024,7.2692e-05,2.3528e-05
1696,0.00041469,0.00018579,7.3036e-05,2.6504e-05
1697,0.0004095,0.0001864,7.199e-05,2.6291e-05
1698,0.00039771,0.00019777,6.7361e-05,2.5004e-05
1699,0.00042393,0.00019018,7.5822e-05,2.6152e-05
1700,0.00038312,0.00018374,6.7809e-05,2.5366e-05
1701,0.00046221,0.00019687,7.6023e-05,2.6964e-05
1702,0.00039388,0.00019403,7.1119e-05,2.4631e-05
1703,0.00042112,0.00018385,7.32e-05,2.6814e-05
1704,0.00039903,0.00018465,7.2428e-05,2.5114e-05
1705,0.00041227,0.00020411,7.1085e-05,2.5901e-05
1706,0.00039696,0.00018603,7.1895e-05,2.4622e-05
1707,0.00039093,0.00019397,7.3123e-05,2.7163e-05
1708,0.0004371,0.00017949,7.3006e-05,2.4828e-05
1709,0.00038389,0.0001894,6.7678e-05,2.5739e-05
1710,0.00044369,0.00018616,7.8545e-05,2.5208e-05
1711,0.0004201,0.00020099,6.9175e-05,2.6024e-05
1712,0.00040551,0.00018368,7.2643e-05,2.5164e-05
1713,0.00040477,0.00020507,6.9205e-05,2.5517e-05
1714,0.0004064,0.00018037,7.5473e-05,2.7118e-05
1715,0.00043367,0.00019533,7.0129e-05,2.386e-05
1716,0.00038109,0.00019585,7.5642e-05,2.7169e-05
1717,0.00045821,0.00018068,7.0898e-05,2.4114e-05
1718,0.00040221,0.0001885,7.0556e-05,2.6968e-05
1719,0.00044212,0.000193,7.2784e-05,2.4031e-05
1720,0.00042284,0.00018003,6.8854e-05,2.6581e-05
1721,0.00037388,0.00020611,7.7179e-05,2.4564e-05
1722,0.00041535,0.00019692,7.1186e-05,2.5618e-05
1723,0.00040874,0.00017269,7.2546e-05,2.5732e-05
1724,0.00042824,0.00019576,7.2763e-05,2.4011e-05
1725,0.00040605,0.00018115,7.0354e-05,2.802e-05
1726,0.00041307,0.00019597,6.9954e-05,2.5194e-05
1727,0.00039978,0.00018918,7.3911e-05,2.5275e-05
1728,0.00040798,0.00019478,7.4566e-05,2.3191e-05
1729,0.00043087,0.00019599,6.6478e-05,2.6789e-05
1730,0.00036346,0.000187,7.5067e-05,2.5036e-05
1731,0.00046383,0.00018949,6.9231e-05,2.6169e-05
1732,0.00037274,0.00018721,7.4307e-05,2.3999e-05
1733,0.00041691,0.00018476,7.6519e-05,2.7055e-05
1734,0.00039448,0.00019972,7.1456e-05,2.3852e-05
1735,0.0003887,0.00017924,6.8338e-05,2.7032e-05
1736,0.00044695,0.00020211,7.446e-05,2.316e-05
1737,0.00041121,0.00018546,6.9044e-05,2.512e-05
1738,0.00037836,0.00019132,7.4346e-05,2.6241e-05
1739,0.0004047,0.00018924,7.3326e-05,2.5447e-05
1740,0.00041929,0.00019764,6.8467e-05,2.5586e-05
1741,0.00038382,0.00017153,7.7448e-05,2.406e-05
1742,0.00043538,0.00020783,7.0107e-05,2.5498e-05
1743,0.00037808,0.00017969,6.9937e-05,2.6365e-05
1744,0.00040012,0.00019326,7.1442e-05,2.4255e-05
1745,0.00043118,0.00018634,7.1691e-05,2.5692e-05
1746,0.00041521,0.00019533,7.1032e-05,2.4357e-05
1747,0.00043099,0.00019415,7.623e-05,2.6536e-05
1748,0.00040119,0.00017659,7.1639e-05,2.4462e-05
1749,0.00040999,0.00020368,7.144e-05,2.5038e-05
1750,0.00039715,0.00018477,6.875e-05,2.5116e-05
1751,0.00041971,0.00019258,7.6498e-05,2.3759e-05
1752,0.00038571,0.00020069,7.2481e-05,2.6883e-05
1753,0.0004593,0.00018826,6.9681e-05,2.374e-05
1754,0.00037047,0.00017969,7.2951e-05,2.642e-05
1755,0.00047025,0.00019065,7.4376e-05,2.3694e-05
1756,0.00039108,0.0002017,7.2185e-05,2.7005e-05
1757,0.00040075,0.00017978,6.7724e-05,2.4689e-05
1758,0.00044081,0.00019054,7.2169e-05,2.4269e-05
1759,0.00043935,0.00019183,7.1712e-05,2.4551e-05
1760,0.00039573,0.00019224,7.2771e-05,2.4994e-05
1761,0.00043833,0.00019162,7.4997e-05,2.4944e-05
1762,0.00038579,0.00019694,6.9858e-05,2.5696e-05
1763,0.00040347,0.00018867,7.4951e-05,2.412e-05
1764,0.00042328,0.00018661,7.0876e-05,2.5754e-05
1765,0.00044837,0.00018298,7.141e-05,2.5128e-05
1766,0.0004174,0.00019771,6.9946e-05,2.4401e-05
1767,0.00042638,0.00019287,7.3842e-05,2.4944e-05
1768,0.000409,0.00017563,7.3374e-05,2.5043e-05
1769,0.00041746,0.00019228,6.8495e-05,2.5569e-05
1770,0.00040398,0.00020332,7.4712e-05,2.4448e-05
1771,0.00040536,0.00019513,7.1955e-05,2.4538e-05
1772,0.00038948,0.00017238,7.1822e-05,2.4727e-05
1773,0.00040493,0.00019444,7.2969e-05,2.5334e-05
1774,0.00042927,0.00018177,6.9806e-05,2.3705e-05
1775,0.00038016,0.00020264,7.7691e-05,2.7012e-05
1776,0.00041287,0.00018647,6.628e-05,2.4279e-05
1777,0.00040286,0.00018695,7.9757e-05,2.2829e-05
1778,0.0004451,0.00019245,6.4516e-05,2.5414e-05
1779,0.00040313,0.00019402,7.8138e-05,2.4519e-05
1780,0.00040341,0.0001964,6.3748e-05,2.6117e-05
1781,0.00040581,0.00018703,7.7721e-05,2.3896e-05
1782,0.00042353,0.00019861,7.1334e-05,2.4322e-05
1783,0.00042966,0.00019811,7.4165e-05,2.5375e-05
1784,0.0003824,0.00016746,6.8998e-05,2.4596e-05
1785,0.00040011,0.00021522,7.322e-05,2.4571e-05
1786,0.00040914,0.00017328,7.0857e-05,2.5467e-05
1787,0.00041111,0.00018705,7.0644e-05,2.3733e-05
1788,0.00043657,0.00019291,7.3551e-05,2.5429e-05
1789,0.00039248,0.00019518,7.4947e-05,2.4352e-05
1790,0.00042284,0.00017968,6.8344e-05,2.5132e-05
1791,0.0004011,0.00020413,7.3995e-05,2.336e-05
1792,0.00042467,0.00018887,6.9845e-05,2.4562e-05
1793,0.00040105,0.00018674,7.1056e-05,2.59e-05
1794,0.00041152,0.00019205,7.8258e-05,2.4508e-05
1795,0.00041554,0.00018866,6.6726e-05,2.4743e-05
1796,0.00040147,0.00019115,7.3315e-05,2.3427e-05
1797,0.00040594,0.00019274,7.1919e-05,2.4764e-05
1798,0.00041603,0.00017743,7.2133e-05,2.449e-05
1799,0.00040609,0.00019894,7.2091e-05,2.4958e-05
1800,0.0004337,0.00018771,7.2586e-05,2.4869e-05
1801,0.00040178,0.00019601,7.3388e-05,2.3979e-05
1802,0.00040225,0.00018382,7.1423e-05,2.4942e-05
1803,0.00042931,0.00019451,7.1506e-05,2.3954e-05
1804,0.00040139,0.00018685,7.473e-05,2.3831e-05
1805,0.00042754,0.0001983,7.1262e-05,2.5752e-05
1806,0.00039722,0.00018278,6.717e-05,2.4237e-05
1807,0.00045577,0.00019136,7.5451e-05,2.6042e-05
1808,0.00040758,0.00019114,7.2307e-05,2.1866e-05
1809,0.00043729,0.00019783,7.4581e-05,2.4879e-05
1810,0.00040557,0.00019016,6.5942e-05,2.4055e-05
1811,0.00040291,0.00019039,7.6337e-05,2.4943e-05
1812,0.00042089,0.00018459,6.9393e-05,2.5045e-05
1813,0.00041817,0.00018152,7.2152e-05,2.3757e-05
1814,0.00038164,0.00019152,7.1531e-05,2.486e-05
1815,0.00040696,0.00018603,7.6215e-05,2.3731e-05
1816,0.00041501,0.00020445,6.9523e-05,2.477e-05
1817,0.00039384,0.00019307,6.8536e-05,2.3565e-05
1818,0.00040776,0.00018825,7.6745e-05,2.5618e-05
1819,0.00043695,0.00019488,7.4189e-05,2.3996e-05
1820,0.0004409,0.00017875,6.7132e-05,2.3436e-05
1821,0.00042739,0.00020904,7.7069e-05,2.5314e-05
1822,0.00040634,0.00018207,7.0058e-05,2.3792e-05
1823,0.00044311,0.00019075,7.1578e-05,2.4355e-05
1824,0.00041304,0.00019678,7.081e-05,2.3703e-05
1825,0.00044963,0.00017815,7.5113e-05,2.5508e-05
1826,0.00040782,0.0001937,6.863e-05,2.2589e-05
1827,0.00041905,0.0002012,7.246e-05,2.5376e-05
1828,0.00039355,0.0001808,7.1017e-05,2.4922e-05
1829,0.00042636,0.0001861,7.281e-05,2.27e-05
1830,0.00045482,0.00018628,7.1553e-05,2.6426e-05
1831,0.00039912,0.00019365,7.2847e-05,2.2791e-05
1832,0.0004162,0.00018644,7.0506e-05,2.4933e-05
1833,0.00039439,0.00019399,7.5057e-05,2.2919e-05
1834,0.00042914,0.00017957,7.0557e-05,2.4737e-05
1835,0.00040471,0.00019777,7.3787e-05,2.4204e-05
1836,0.00042684,0.00019574,7.0501e-05,2.3514e-05
1837,0.00040107,0.00018444,7.3991e-05,2.4737e-05
1838,0.00046422,0.00018691,6.8856e-05,2.422e-05
1839,0.00040394,0.00018205,7.8089e-05,2.3714e-05
1840,0.00043125,0.00019895,6.4382e-05,2.4978e-05
1841,0.0003986,0.00017549,7.8605e-05,2.3077e-05
1842,0.00041543,0.00020363,7.1701e-05,2.4583e-05
1843,0.00039199,0.00018215,7.1481e-05,2.3748e-05
1844,0.00045236,0.00019372,6.9002e-05,2.4156e-05
1845,0.00041217,0.00017901,7.6695e-05,2.3654e-05
1846,0.00043283,0.00019287,7.0847e-05,2.5157e-05
1847,0.00041464,0.00019784,7.1839e-05,2.379e-05
1848,0.00040979,0.00018629,7.2098e-05,2.2561e-05
1849,0.00042912,0.00017783,7.1104e-05,2.516e-05
1850,0.00037261,0.00019813,7.2605e-05,2.4089e-05
1851,0.00043719,0.00019512,7.0544e-05,2.3983e-05
1852,0.00037353,0.00019714,7.2318e-05,2.3312e-05
1853,0.00046411,0.00019113,7.3121e-05,2.5353e-05
1854,0.00040229,0.00018661,7.1334e-05,2.2739e-05
1855,0.00039864,0.00018981,6.932e-05,2.4962e-05
1856,0.00041195,0.0001756,7.7198e-05,2.3443e-05
1857,0.00039226,0.00020677,6.9013e-05,2.3814e-05
1858,0.0004227,0.00018579,7.3727e-05,2.3375e-05
1859,0.00040221,0.00019837,7.1033e-05,2.3818e-05
1860,0.00043833,0.00019119,7.1526e-05,2.3323e-05
1861,0.00041145,0.00017904,7.1042e-05,2.6436e-05
1862,0.00041392,0.00020499,7.9822e-05,2.285e-05
1863,0.00041663,0.00018841,6.5907e-05,2.2913e-05
1864,0.00040249,0.00018681,7.2728e-05,2.4219e-05
1865,0.00040635,0.00018047,7.6651e-05,2.4269e-05
1866,0.00040973,0.00019948,6.8915e-05,2.3739e-05
1867,0.0004242,0.00019234,7.2122e-05,2.3615e-05
1868,0.00039245,0.00018685,7.3239e-05,2.4157e-05
1869,0.00040761,0.00018411,6.8171e-05,2.4281e-05
1870,0.00042264,0.00019404,7.5438e-05,2.3649e-05
1871,0.00037898,0.00019245,7.1406e-05,2.2772e-05
1872,0.00042552,0.00019435,7.3159e-05,2.3918e-05
1873,0.00042814,0.00017636,7.1543e-05,2.3657e-05
1874,0.00039514,0.00019836,7.1085e-05,2.5661e-05
1875,0.00041922,0.00019236,7.2435e-05,2.1618e-05
1876,0.0004338,0.0001834,7.204e-05,2.4088e-05
1877,0.00041158,0.00019788,7.0987e-05,2.4569e-05
1878,0.00042499,0.00018879,7.1679e-05,2.2231e-05
1879,0.0004197,0.00018488,7.4043e-05,2.4692e-05
1880,0.00042288,0.00020318,7.4593e-05,2.2675e-05
1881,0.00039403,0.00017614,6.9047e-05,2.5293e-05
1882,0.00042171,0.00018462,7.1527e-05,2.2719e-05
1883,0.00039849,0.0001986,7.0767e-05,2.4288e-05
1884,0.00040749,0.00019258,7.4704e-05,2.1586e-05
1885,0.00043395,0.00018787,6.9578e-05,2.557e-05
1886,0.00038175,0.00019435,7.4239e-05,2.4462e-05
1887,0.00045825,0.00018467,7.1942e-05,2.3474e-05
1888,0.00044394,0.00018782,7.0653e-05,2.2367e-05
1889,0.00040455,0.00018324,7.3586e-05,2.4662e-05
1890,0.00041003,0.00021623,7.2259e-05,2.2725e-05
1891,0.00039925,0.00017275,7.0256e-05,2.4345e-05
1892,0.0004317,0.00019435,7.2319e-05,2.464e-05
1893,0.00041071,0.0001984,7.5137e-05,2.0842e-05
1894,0.00039342,0.00018177,6.8499e-05,2.5055e-05
1895,0.00040432,0.00019021,7.5152e-05,2.3124e-05
1896,0.00038648,0.00018677,6.6763e-05,2.4559e-05
1897,0.00044741,0.0001907,7.4649e-05,2.223e-05
1898,0.00039189,0.00018184,7.1827e-05,2.4911e-05
1899,0.00044146,0.00020969,7.4269e-05,2.2717e-05
1900,0.00042089,0.00018516,7.1533e-05,2.3963e-05
1901,0.00043008,0.00018995,6.9722e-05,2.3978e-05
1902,0.00041217,0.00019646,7.5982e-05,2.223e-05
1903,0.00045393,0.00018027,7.1885e-05,2.4731e-05
1904,0.00039075,0.00019797,7.4534e-05,2.1495e-05
1905,0.00044015,0.00019723,6.9158e-05,2.4835e-05
1906,0.00039541,0.00017903,7.2818e-05,2.3095e-05
1907,0.00043302,0.00018807,7.3555e-05,2.4191e-05
1908,0.00039781,0.00018465,6.5655e-05,2.2869e-05
1909,0.00042661,0.00019133,7.5654e-05,2.4845e-05
1910,0.00040903,0.00019195,7.5862e-05,2.2172e-05
1911,0.00041632,0.00019605,6.8937e-05,2.3298e-05
1912,0.00041716,0.0001845,7.146e-05,2.2803e-05
1913,0.00039531,0.00019987,7.3141e-05,2.506e-05
1914,0.00040953,0.00018815,7.1929e-05,2.1202e-05
1915,0.0004288,0.00017201,7.413e-05,2.4217e-05
1916,0.00041526,0.00020856,6.7857e-05,2.4084e-05
1917,0.00045845,0.00017702,7.5905e-05,2.3993e-05
1918,0.00041237,0.00019433,6.9965e-05,2.2191e-05
1919,0.00041583,0.00019125,7.4167e-05,2.2617e-05
1920,0.0004123,0.00019671,7.02e-05,2.543e-05
1921,0.00041209,0.00018008,7.0818e-05,2.1341e-05
1922,0.00042181,0.00018717,7.2364e-05,2.4703e-05
1923,0.00040054,0.00019718,7.6744e-05,2.2526e-05
1924,0.00041813,0.00018971,7.2584e-05,2.4462e-05
1925,0.00040485,0.00018287,7.1817e-05,2.246e-05
1926,0.00039174,0.00020616,6.6594e-05,2.3105e-05
1927,0.00041563,0.00018372,7.8547e-05,2.3066e-05
1928,0.00040306,0.00018506,6.8365e-05,2.5003e-05
1929,0.00041577,0.00019659,7.0433e-05,2.2163e-05
1930,0.00039733,0.00018428,7.5265e-05,2.2558e-05
1931,0.00041982,0.00019471,7.4403e-05,2.3773e-05
1932,0.00039477,0.00019173,7.2127e-05,2.3093e-05
1933,0.00042055,0.00019081,6.7664e-05,2.3647e-05
1934,0.00041012,0.00018401,7.6668e-05,2.2841e-05
1935,0.00041329,0.00019475,6.981e-05,2.3399e-05
1936,0.00043544,0.00018736,7.3079e-05,2.2942e-05
1937,0.00042601,0.00018044,7.1243e-05,2.2244e-05
1938,0.00040662,0.00020914,7.3263e-05,2.5043e-05
1939,0.00041751,0.00018329,7.0474e-05,2.135e-05
1940,0.00040063,0.0001833,7.2236e-05,2.5256e-05
1941,0.00042047,0.00019872,7.2749e-05,2.1535e-05
1942,0.00043005,0.00018767,7.261e-05,2.3714e-05
1943,0.00041341,0.00018827,7.1604e-05,2.2989e-05
1944,0.000437,0.0001934,7.2632e-05,2.3381e-05
1945,0.00041656,0.00016916,7.2762e-05,2.2806e-05
1946,0.00041005,0.00020247,6.9602e-05,2.2948e-05
1947,0.0004231,0.00019514,7.7786e-05,2.3051e-05
1948,0.00041521,0.00016761,6.9102e-05,2.251e-05
1949,0.00041666,0.00021451,7.1376e-05,2.4686e-05
1950,0.00042192,0.00018709,7.3463e-05,2.2601e-05
1951,0.00038528,0.00018555,7.3106e-05,2.3737e-05
1952,0.00042655,0.00018328,7.1683e-05,2.1938e-05
1953,0.00041665,0.00019648,7.0429e-05,2.2879e-05
1954,0.00040903,0.00018661,7.3457e-05,2.3758e-05
1955,0.00041916,0.00020996,7.1035e-05,2.2883e-05
1956,0.00039162,0.00017314,7.2855e-05,2.2852e-05
1957,0.0003992,0.00019971,7.505e-05,2.2632e-05
1958,0.00042638,0.00018119,7.0233e-05,2.3525e-05
1959,0.00042642,0.00019094,7.1085e-05,2.3035e-05
1960,0.00042616,0.00018629,7.7384e-05,2.2506e-05
1961,0.00043262,0.00020027,6.7441e-05,2.3759e-05
1962,0.00041529,0.00018698,7.3458e-05,2.3635e-05
1963,0.00037986,0.00020146,7.0997e-05,2.2009e-05
1964,0.00043462,0.0001784,7.1714e-05,2.3514e-05
1965,0.00043267,0.00019354,7.0048e-05,2.212e-05
1966,0.00039789,0.00019092,7.6835e-05,2.4611e-05
1967,0.00041355,0.00020417,7.1038e-05,2.2531e-05
1968,0.00040092,0.0001773,7.3057e-05,2.0886e-05
1969,0.00042095,0.00019929,7.2017e-05,2.4605e-05
1970,0.000408,0.00018686,6.8521e-05,2.1968e-05
1971,0.00043438,0.00019452,7.5526e-05,2.3804e-05
1972,0.0004337,0.00018482,6.9903e-05,2.1892e-05
1973,0.00043655,0.00018355,7.1347e-05,2.2786e-05
1974,0.00041395,0.00020347,7.1316e-05,2.449e-05
1975,0.00042259,0.00018755,7.7169e-05,2.2176e-05
1976,0.00041392,0.00018882,7.1324e-05,2.1817e-05
1977,0.00042795,0.00019582,7.0744e-05,2.2707e-05
1978,0.00038399,0.00018943,7.2205e-05,2.4001e-05
1979,0.00043357,0.00018846,7.0698e-05,2.2036e-05
1980,0.00039674,0.0001875,7.2615e-05,2.4605e-05
1981,0.00044174,0.00018989,7.1286e-05,2.1143e-05
1982,0.00039178,0.00019077,7.3272e-05,2.2611e-05
1983,0.0004336,0.00019806,7.3183e-05,2.4106e-05
1984,0.00036908,0.0001825,7.0893e-05,2.1988e-05
1985,0.0004564,0.00018674,7.1532e-05,2.3852e-05
1986,0.00039345,0.00019548,7.1385e-05,2.155e-05
1987,0.00042841,0.00019117,7.4554e-05,2.3919e-05
1988,0.00042607,0.000197,6.9843e-05,2.1517e-05
1989,0.00042701,0.00018307,7.2267e-05,2.3799e-05
1990,0.00038562,0.00018494,7.1172e-05,2.2516e-05
1991,0.00045605,0.00020096,7.4989e-05,2.2608e-05
1992,0.00037859,0.00018647,6.908e-05,2.3351e-05
1993,0.00040936,0.00018598,7.3449e-05,2.1344e-05
1994,0.00041191,0.00019103,7.394e-05,2.2975e-05
1995,0.00041376,0.00018915,6.9233e-05,2.2575e-05
1996,0.00038637,0.00018725,7.032e-05,2.3765e-05
1997,0.00040882,0.0001929,7.6798e-05,2.3539e-05
1998,0.00041319,0.00018922,7.0656e-05,2.0996e-05
1999,0.00040978,0.00018614,7.0804e-05,2.2517e-05
2000,0.00039928,0.00019388,7.1048e-05,2.2961e-05
